Experience,Skill,Qualification,Gender,Email,Phone Number,Candidate
3+,Blockchain Development,Bachelor's,Male,frank.davis@yahoo.com,(610) 198-7097,Frank Davis
11+,Networking,PhD,Female,michael.smith@hotmail.com,(786) 549-3195,Michael Smith
11+,Computer Vision,PhD,Female,michael.rodriguez@yahoo.com,(306) 867-4435,Michael Rodriguez
8+,React Native,PhD,Female,david.miller@gmail.com,(576) 818-5257,David Miller
8+,Cybersecurity,Master's,Female,tina.brown@hotmail.com,(433) 312-4614,Tina Brown
7+,Machine Learning,Bachelor's,Male,julia.garcia@hotmail.com,(686) 802-2412,Julia Garcia
1+,Back End,Master's,Male,julia.smith@gmail.com,(561) 618-4906,Julia Smith
6+,Game Development,PhD,Female,charlie.smith@yahoo.com,(462) 781-4647,Charlie Smith
3+,Cybersecurity,Bachelor's,Female,julia.jones@outlook.com,(464) 978-2960,Julia Jones
9+,DevOps,Master's,Male,tina.garcia@gmail.com,(708) 796-4772,Tina Garcia
13+,Data Science,PhD,Male,frank.rodriguez@example.com,(507) 865-4316,Frank Rodriguez
2+,Full Stack,Master's,Male,grace.davis@gmail.com,(792) 893-2975,Grace Davis
15+,Blockchain Development,Master's,Female,paul.jones@hotmail.com,(304) 246-9872,Paul Jones
5+,Software Testing,Master's,Male,charlie.garcia@example.com,(760) 436-4151,Charlie Garcia
6+,React,PhD,Female,rachel.smith@yahoo.com,(385) 507-3899,Rachel Smith
3+,Machine Learning,Master's,Female,frank.davis@hotmail.com,(651) 311-6843,Frank Davis
10+,Game Development,Master's,Male,oliver.garcia@gmail.com,(303) 106-6501,Oliver Garcia
1+,Embedded Systems,Bachelor's,Female,quinn.rodriguez@gmail.com,(423) 559-1069,Quinn Rodriguez
12+,Python,Bachelor's,Female,emma.martinez@example.com,(514) 633-2061,Emma Martinez
8+,React Native,Bachelor's,Female,paul.miller@gmail.com,(995) 281-4113,Paul Miller
7+,Cybersecurity,Bachelor's,Male,emma.smith@gmail.com,(540) 837-2917,Emma Smith
11+,Blockchain Development,Master's,Male,david.jones@gmail.com,(216) 475-6773,David Jones
4+,Data Science,Master's,Male,rachel.williams@gmail.com,(261) 385-1131,Rachel Williams
2+,Java,PhD,Male,bob.davis@outlook.com,(967) 682-4687,Bob Davis
15+,DevOps,Master's,Female,bob.martinez@outlook.com,(623) 567-9183,Bob Martinez
11+,Blockchain Development,Master's,Male,alice.martinez@yahoo.com,(405) 841-2367,Alice Martinez
4+,Big Data,PhD,Male,emma.rodriguez@example.com,(239) 446-7101,Emma Rodriguez
2+,AI Engineering,Bachelor's,Female,ian.davis@example.com,(999) 700-9401,Ian Davis
9+,Blockchain Development,PhD,Female,quinn.jones@example.com,(780) 320-8753,Quinn Jones
1+,Software Testing,PhD,Male,grace.martinez@hotmail.com,(240) 271-4764,Grace Martinez
5+,Python,Bachelor's,Female,bob.garcia@yahoo.com,(649) 598-9419,Bob Garcia
9+,Python,Bachelor's,Male,michael.brown@example.com,(753) 246-4870,Michael Brown
14+,Game Development,PhD,Female,paul.martinez@hotmail.com,(929) 904-3062,Paul Martinez
11+,Full Stack,Master's,Female,julia.smith@gmail.com,(976) 360-6044,Julia Smith
9+,Blockchain Development,PhD,Female,bob.garcia@yahoo.com,(910) 446-6191,Bob Garcia
3+,AI Engineering,Bachelor's,Male,nancy.brown@gmail.com,(945) 559-4758,Nancy Brown
13+,React,PhD,Male,hannah.davis@yahoo.com,(900) 448-3788,Hannah Davis
6+,Networking,Master's,Female,alice.williams@yahoo.com,(967) 575-6747,Alice Williams
13+,Computer Vision,Master's,Male,nancy.brown@gmail.com,(675) 375-6538,Nancy Brown
14+,Database Management,Master's,Female,ian.garcia@gmail.com,(559) 151-5764,Ian Garcia
2+,Back End,PhD,Male,emma.smith@hotmail.com,(949) 167-4570,Emma Smith
7+,Cloud Computing,Bachelor's,Male,ian.johnson@gmail.com,(500) 729-3390,Ian Johnson
8+,Blockchain Development,Master's,Female,emma.smith@gmail.com,(213) 517-9114,Emma Smith
3+,AI Engineering,PhD,Female,ian.johnson@gmail.com,(813) 498-3123,Ian Johnson
1+,Front End,Master's,Male,laura.williams@example.com,(341) 921-1732,Laura Williams
1+,Data Science,Bachelor's,Male,sam.johnson@gmail.com,(226) 497-5633,Sam Johnson
6+,Computer Vision,Master's,Female,paul.miller@example.com,(714) 704-6301,Paul Miller
1+,Data Science,Master's,Male,laura.garcia@gmail.com,(458) 311-6009,Laura Garcia
6+,Blockchain Development,Bachelor's,Female,charlie.brown@yahoo.com,(898) 706-7022,Charlie Brown
1+,Machine Learning,PhD,Female,ian.williams@gmail.com,(943) 406-2789,Ian Williams
6+,Networking,PhD,Male,sam.jones@gmail.com,(742) 942-6613,Sam Jones
14+,Networking,Master's,Male,rachel.miller@hotmail.com,(323) 469-2638,Rachel Miller
5+,Networking,Master's,Female,emma.williams@gmail.com,(790) 634-8104,Emma Williams
12+,React Native,Master's,Female,oliver.williams@outlook.com,(689) 599-9114,Oliver Williams
5+,Machine Learning,Bachelor's,Male,paul.johnson@outlook.com,(843) 165-9707,Paul Johnson
5+,Database Management,PhD,Male,tina.martinez@yahoo.com,(953) 855-2054,Tina Martinez
8+,React,Master's,Male,hannah.garcia@example.com,(966) 186-4364,Hannah Garcia
8+,React,Bachelor's,Male,alice.miller@outlook.com,(230) 173-3979,Alice Miller
15+,Computer Vision,PhD,Male,grace.smith@gmail.com,(288) 790-9553,Grace Smith
9+,Back End,PhD,Male,hannah.williams@outlook.com,(351) 629-7065,Hannah Williams
3+,Machine Learning,PhD,Female,alice.rodriguez@example.com,(357) 866-9042,Alice Rodriguez
5+,Front End,Master's,Female,tina.johnson@example.com,(362) 623-1194,Tina Johnson
13+,Data Science,Master's,Female,michael.williams@yahoo.com,(558) 993-9642,Michael Williams
2+,Java,Master's,Female,tina.brown@example.com,(284) 351-2239,Tina Brown
8+,Back End,Bachelor's,Female,tina.davis@example.com,(693) 330-5406,Tina Davis
10+,Java,Bachelor's,Female,julia.miller@outlook.com,(272) 936-1126,Julia Miller
7+,Database Management,PhD,Female,laura.martinez@outlook.com,(979) 816-8237,Laura Martinez
8+,Embedded Systems,Master's,Female,rachel.garcia@gmail.com,(845) 727-1050,Rachel Garcia
8+,Full Stack,Master's,Male,bob.miller@gmail.com,(339) 441-5116,Bob Miller
9+,Data Science,Bachelor's,Male,rachel.johnson@example.com,(581) 390-1661,Rachel Johnson
3+,Embedded Systems,PhD,Male,michael.jones@hotmail.com,(926) 442-6738,Michael Jones
2+,Networking,Bachelor's,Female,charlie.martinez@yahoo.com,(606) 421-9507,Charlie Martinez
15+,Big Data,Bachelor's,Male,hannah.jones@yahoo.com,(275) 843-5256,Hannah Jones
14+,DevOps,Bachelor's,Male,grace.johnson@gmail.com,(669) 346-3849,Grace Johnson
6+,Embedded Systems,Bachelor's,Male,hannah.williams@yahoo.com,(300) 744-2728,Hannah Williams
7+,Cybersecurity,PhD,Male,bob.smith@hotmail.com,(444) 573-3224,Bob Smith
3+,Cybersecurity,Master's,Female,oliver.rodriguez@gmail.com,(764) 553-5213,Oliver Rodriguez
3+,Cloud Computing,Master's,Male,tina.garcia@yahoo.com,(688) 530-1261,Tina Garcia
7+,Networking,PhD,Male,oliver.miller@outlook.com,(626) 391-3349,Oliver Miller
7+,Machine Learning,PhD,Male,quinn.davis@outlook.com,(352) 224-6632,Quinn Davis
6+,Full Stack,PhD,Female,ian.garcia@gmail.com,(247) 788-7797,Ian Garcia
15+,Front End,PhD,Female,laura.davis@yahoo.com,(652) 283-8656,Laura Davis
8+,Game Development,PhD,Male,tina.garcia@outlook.com,(721) 623-9050,Tina Garcia
6+,Software Testing,PhD,Male,alice.williams@outlook.com,(832) 318-3929,Alice Williams
14+,AI Engineering,PhD,Female,nancy.johnson@gmail.com,(449) 194-6672,Nancy Johnson
4+,Blockchain Development,Bachelor's,Male,rachel.rodriguez@example.com,(492) 170-8959,Rachel Rodriguez
12+,Game Development,Master's,Female,sam.smith@example.com,(456) 579-5921,Sam Smith
7+,DevOps,PhD,Female,sam.smith@gmail.com,(829) 951-8013,Sam Smith
5+,React,Master's,Female,alice.johnson@gmail.com,(372) 295-8993,Alice Johnson
1+,Cybersecurity,Master's,Male,emma.williams@gmail.com,(941) 432-5283,Emma Williams
2+,Embedded Systems,Bachelor's,Male,frank.garcia@example.com,(312) 961-9755,Frank Garcia
5+,DevOps,Bachelor's,Female,michael.williams@gmail.com,(326) 240-5581,Michael Williams
5+,Python,PhD,Male,alice.davis@outlook.com,(598) 105-7482,Alice Davis
2+,DevOps,Master's,Male,oliver.davis@yahoo.com,(244) 266-3168,Oliver Davis
2+,DevOps,Master's,Female,michael.miller@outlook.com,(875) 705-5724,Michael Miller
7+,Software Testing,PhD,Male,frank.garcia@gmail.com,(679) 748-7582,Frank Garcia
2+,React Native,Bachelor's,Female,ian.davis@example.com,(660) 449-6655,Ian Davis
15+,Computer Vision,PhD,Male,quinn.rodriguez@gmail.com,(619) 643-3579,Quinn Rodriguez
5+,Database Management,PhD,Female,michael.martinez@hotmail.com,(932) 224-6840,Michael Martinez
11+,Computer Vision,Master's,Female,sam.miller@outlook.com,(528) 696-1433,Sam Miller
7+,DevOps,PhD,Male,grace.davis@gmail.com,(792) 664-6686,Grace Davis
15+,Blockchain Development,Bachelor's,Female,tina.miller@gmail.com,(562) 529-1726,Tina Miller
5+,Embedded Systems,Master's,Female,grace.johnson@yahoo.com,(604) 470-6211,Grace Johnson
4+,Java,Master's,Female,charlie.davis@example.com,(543) 955-2236,Charlie Davis
5+,Data Science,Bachelor's,Male,tina.brown@outlook.com,(429) 277-1606,Tina Brown
5+,Data Science,Master's,Female,charlie.miller@gmail.com,(996) 868-8720,Charlie Miller
13+,Networking,PhD,Female,paul.johnson@example.com,(990) 738-9243,Paul Johnson
8+,Big Data,Bachelor's,Female,julia.jones@example.com,(696) 131-1100,Julia Jones
2+,Front End,PhD,Male,ian.smith@hotmail.com,(201) 302-8876,Ian Smith
5+,React,Master's,Male,quinn.jones@gmail.com,(638) 287-3846,Quinn Jones
2+,Cloud Computing,PhD,Female,sam.smith@hotmail.com,(807) 504-3022,Sam Smith
9+,Cybersecurity,PhD,Male,rachel.jones@gmail.com,(874) 446-5095,Rachel Jones
14+,Database Management,PhD,Female,sam.davis@gmail.com,(542) 514-2894,Sam Davis
6+,Cybersecurity,Master's,Female,bob.rodriguez@hotmail.com,(920) 860-1270,Bob Rodriguez
5+,React,Master's,Female,kevin.jones@hotmail.com,(665) 549-6125,Kevin Jones
15+,Big Data,PhD,Female,bob.smith@gmail.com,(444) 690-4183,Bob Smith
1+,Embedded Systems,Bachelor's,Male,hannah.brown@yahoo.com,(385) 367-7626,Hannah Brown
12+,Java,Bachelor's,Female,sam.jones@hotmail.com,(417) 853-4461,Sam Jones
12+,Full Stack,PhD,Male,sam.williams@outlook.com,(224) 104-1077,Sam Williams
2+,Database Management,PhD,Female,grace.martinez@hotmail.com,(835) 323-1052,Grace Martinez
9+,DevOps,Bachelor's,Female,frank.smith@hotmail.com,(587) 861-1604,Frank Smith
10+,React Native,PhD,Female,charlie.rodriguez@yahoo.com,(941) 288-7141,Charlie Rodriguez
2+,Database Management,Master's,Female,oliver.martinez@example.com,(962) 481-1603,Oliver Martinez
5+,Cloud Computing,Master's,Male,hannah.miller@example.com,(688) 434-7575,Hannah Miller
4+,Networking,Master's,Female,michael.martinez@hotmail.com,(545) 125-1734,Michael Martinez
1+,Java,PhD,Male,sam.garcia@yahoo.com,(579) 673-6855,Sam Garcia
9+,Cloud Computing,PhD,Female,charlie.brown@outlook.com,(338) 557-8624,Charlie Brown
6+,Big Data,Master's,Male,emma.garcia@yahoo.com,(837) 916-7709,Emma Garcia
13+,Software Testing,Master's,Female,charlie.jones@outlook.com,(913) 404-6778,Charlie Jones
13+,Java,Master's,Female,michael.williams@hotmail.com,(769) 796-9111,Michael Williams
8+,Software Testing,Master's,Female,oliver.williams@gmail.com,(535) 944-9497,Oliver Williams
9+,Software Testing,Bachelor's,Female,michael.miller@outlook.com,(722) 853-8447,Michael Miller
1+,Blockchain Development,PhD,Male,hannah.garcia@yahoo.com,(784) 896-9016,Hannah Garcia
7+,Game Development,Master's,Male,sam.johnson@hotmail.com,(803) 230-3730,Sam Johnson
6+,Front End,Master's,Male,charlie.garcia@example.com,(343) 279-1476,Charlie Garcia
12+,Machine Learning,Master's,Male,laura.rodriguez@hotmail.com,(821) 983-2111,Laura Rodriguez
6+,Big Data,Master's,Female,charlie.martinez@example.com,(867) 546-5229,Charlie Martinez
13+,Cloud Computing,Bachelor's,Female,ian.brown@outlook.com,(398) 166-4034,Ian Brown
7+,Front End,Master's,Female,ian.brown@example.com,(254) 684-1456,Ian Brown
1+,Machine Learning,Bachelor's,Female,hannah.brown@gmail.com,(659) 844-3578,Hannah Brown
7+,Cybersecurity,Bachelor's,Male,david.jones@outlook.com,(639) 495-6669,David Jones
9+,Big Data,Bachelor's,Male,alice.miller@outlook.com,(911) 695-8525,Alice Miller
11+,Full Stack,Master's,Female,oliver.smith@outlook.com,(737) 165-5414,Oliver Smith
7+,Blockchain Development,Bachelor's,Female,ian.williams@yahoo.com,(651) 396-7294,Ian Williams
2+,Game Development,Master's,Female,charlie.garcia@gmail.com,(428) 262-2684,Charlie Garcia
2+,Python,Bachelor's,Female,alice.jones@gmail.com,(491) 777-4103,Alice Jones
5+,DevOps,Bachelor's,Female,paul.jones@hotmail.com,(269) 361-8698,Paul Jones
2+,DevOps,Bachelor's,Female,alice.martinez@hotmail.com,(780) 345-4847,Alice Martinez
15+,Software Testing,PhD,Male,paul.jones@yahoo.com,(609) 604-8692,Paul Jones
1+,Front End,PhD,Female,laura.miller@outlook.com,(325) 118-9014,Laura Miller
2+,AI Engineering,PhD,Male,rachel.martinez@outlook.com,(651) 766-6151,Rachel Martinez
15+,Database Management,PhD,Male,emma.rodriguez@example.com,(869) 130-6145,Emma Rodriguez
15+,Big Data,PhD,Male,michael.rodriguez@gmail.com,(535) 699-3224,Michael Rodriguez
10+,Game Development,Bachelor's,Male,rachel.williams@example.com,(784) 515-9968,Rachel Williams
3+,Python,PhD,Male,kevin.davis@yahoo.com,(389) 815-5682,Kevin Davis
13+,Networking,PhD,Male,alice.jones@example.com,(654) 323-6733,Alice Jones
12+,Front End,PhD,Female,sam.williams@hotmail.com,(324) 477-1359,Sam Williams
8+,React Native,Bachelor's,Male,michael.smith@gmail.com,(844) 484-2012,Michael Smith
6+,Full Stack,Master's,Male,laura.johnson@example.com,(202) 919-2746,Laura Johnson
10+,Game Development,Bachelor's,Female,paul.miller@example.com,(588) 462-2365,Paul Miller
7+,Big Data,Master's,Male,paul.williams@outlook.com,(685) 723-1681,Paul Williams
15+,React Native,Master's,Male,bob.martinez@yahoo.com,(596) 398-9256,Bob Martinez
14+,Java,PhD,Male,julia.smith@yahoo.com,(514) 457-9178,Julia Smith
13+,Cybersecurity,Master's,Female,alice.jones@hotmail.com,(858) 270-4489,Alice Jones
8+,AI Engineering,Bachelor's,Female,kevin.jones@yahoo.com,(216) 151-2321,Kevin Jones
12+,Game Development,PhD,Female,tina.miller@example.com,(986) 619-2284,Tina Miller
10+,AI Engineering,Master's,Female,tina.rodriguez@example.com,(288) 330-7083,Tina Rodriguez
4+,Full Stack,Bachelor's,Female,ian.jones@yahoo.com,(654) 289-5331,Ian Jones
2+,Embedded Systems,PhD,Male,sam.williams@outlook.com,(474) 703-1600,Sam Williams
9+,Cybersecurity,PhD,Female,frank.martinez@gmail.com,(850) 816-8475,Frank Martinez
8+,Networking,PhD,Male,quinn.jones@gmail.com,(490) 222-6339,Quinn Jones
1+,DevOps,Bachelor's,Female,bob.brown@example.com,(492) 569-4015,Bob Brown
13+,DevOps,PhD,Female,julia.martinez@gmail.com,(652) 980-6613,Julia Martinez
6+,Data Science,Master's,Male,sam.rodriguez@example.com,(786) 860-7408,Sam Rodriguez
13+,React,PhD,Female,david.smith@yahoo.com,(376) 316-4332,David Smith
8+,Python,PhD,Female,oliver.rodriguez@gmail.com,(562) 644-9950,Oliver Rodriguez
6+,Embedded Systems,PhD,Male,grace.miller@gmail.com,(262) 836-1216,Grace Miller
9+,Software Testing,Master's,Male,bob.miller@gmail.com,(730) 314-5751,Bob Miller
11+,Big Data,PhD,Female,hannah.davis@gmail.com,(808) 629-4544,Hannah Davis
1+,DevOps,PhD,Female,laura.brown@outlook.com,(310) 703-2577,Laura Brown
5+,Cloud Computing,Master's,Female,oliver.brown@gmail.com,(829) 964-4529,Oliver Brown
6+,React,Master's,Female,nancy.smith@example.com,(793) 212-4740,Nancy Smith
2+,Cybersecurity,PhD,Male,grace.williams@example.com,(832) 188-9141,Grace Williams
9+,Database Management,Master's,Female,quinn.brown@gmail.com,(590) 797-8911,Quinn Brown
2+,Front End,Bachelor's,Male,laura.smith@hotmail.com,(833) 249-8358,Laura Smith
11+,Full Stack,Bachelor's,Male,laura.johnson@outlook.com,(593) 438-1240,Laura Johnson
7+,Blockchain Development,Bachelor's,Male,rachel.rodriguez@hotmail.com,(207) 175-6335,Rachel Rodriguez
15+,Embedded Systems,Master's,Male,ian.miller@gmail.com,(235) 813-5839,Ian Miller
10+,Cloud Computing,PhD,Female,julia.garcia@yahoo.com,(289) 825-8409,Julia Garcia
1+,Big Data,PhD,Male,nancy.miller@outlook.com,(353) 407-6414,Nancy Miller
1+,Python,Master's,Male,hannah.davis@example.com,(869) 280-7066,Hannah Davis
10+,Game Development,Bachelor's,Male,kevin.brown@example.com,(654) 452-1927,Kevin Brown
4+,Python,Master's,Female,alice.rodriguez@gmail.com,(783) 819-9546,Alice Rodriguez
15+,Software Testing,PhD,Female,alice.williams@yahoo.com,(706) 230-6094,Alice Williams
15+,Java,Master's,Male,bob.jones@yahoo.com,(551) 874-2498,Bob Jones
13+,DevOps,PhD,Female,oliver.brown@example.com,(777) 695-2649,Oliver Brown
5+,Front End,PhD,Male,michael.davis@hotmail.com,(229) 381-6152,Michael Davis
11+,Data Science,PhD,Male,bob.jones@example.com,(945) 800-6155,Bob Jones
11+,Embedded Systems,Master's,Male,alice.jones@outlook.com,(685) 930-9432,Alice Jones
5+,React,Bachelor's,Female,rachel.smith@outlook.com,(437) 413-5869,Rachel Smith
3+,Machine Learning,Master's,Male,paul.smith@hotmail.com,(416) 423-8355,Paul Smith
1+,Embedded Systems,Master's,Female,rachel.brown@example.com,(493) 678-2341,Rachel Brown
13+,Cybersecurity,PhD,Male,grace.rodriguez@example.com,(890) 174-9417,Grace Rodriguez
9+,Full Stack,Bachelor's,Female,david.martinez@outlook.com,(526) 902-4442,David Martinez
8+,Game Development,Master's,Male,alice.davis@example.com,(499) 302-8856,Alice Davis
10+,Big Data,PhD,Male,hannah.brown@example.com,(733) 830-8641,Hannah Brown
5+,Java,Bachelor's,Male,frank.rodriguez@hotmail.com,(273) 717-8864,Frank Rodriguez
12+,React Native,Master's,Female,julia.garcia@example.com,(988) 202-1217,Julia Garcia
5+,Cloud Computing,Master's,Male,tina.smith@example.com,(919) 429-3940,Tina Smith
2+,DevOps,PhD,Female,oliver.williams@gmail.com,(317) 622-1558,Oliver Williams
3+,Full Stack,PhD,Female,michael.rodriguez@hotmail.com,(968) 170-1155,Michael Rodriguez
13+,DevOps,Bachelor's,Male,quinn.brown@outlook.com,(215) 658-3133,Quinn Brown
3+,Data Science,Bachelor's,Female,emma.martinez@hotmail.com,(587) 752-9418,Emma Martinez
15+,Data Science,PhD,Female,emma.rodriguez@outlook.com,(542) 909-9603,Emma Rodriguez
3+,Cloud Computing,Bachelor's,Male,emma.smith@gmail.com,(655) 233-2112,Emma Smith
11+,DevOps,Master's,Male,tina.brown@hotmail.com,(378) 220-8063,Tina Brown
9+,Cloud Computing,PhD,Male,charlie.martinez@hotmail.com,(790) 491-2682,Charlie Martinez
12+,Game Development,Bachelor's,Female,paul.johnson@yahoo.com,(490) 842-3201,Paul Johnson
15+,Software Testing,Bachelor's,Male,hannah.smith@hotmail.com,(524) 758-5720,Hannah Smith
8+,AI Engineering,Master's,Female,laura.miller@hotmail.com,(298) 782-4406,Laura Miller
7+,React,PhD,Female,sam.smith@gmail.com,(671) 711-5761,Sam Smith
2+,Game Development,PhD,Female,bob.jones@outlook.com,(686) 154-5540,Bob Jones
12+,Python,PhD,Female,ian.martinez@yahoo.com,(755) 859-7908,Ian Martinez
14+,Embedded Systems,PhD,Female,david.johnson@yahoo.com,(631) 622-6480,David Johnson
14+,Full Stack,PhD,Female,ian.brown@hotmail.com,(628) 203-9461,Ian Brown
15+,Networking,Master's,Male,emma.williams@gmail.com,(855) 308-7305,Emma Williams
6+,AI Engineering,PhD,Female,laura.martinez@hotmail.com,(645) 965-6058,Laura Martinez
3+,Full Stack,Bachelor's,Female,nancy.smith@example.com,(530) 594-2240,Nancy Smith
7+,Python,Master's,Female,kevin.rodriguez@gmail.com,(412) 837-9992,Kevin Rodriguez
6+,Cybersecurity,PhD,Female,david.davis@example.com,(492) 144-9312,David Davis
3+,React,Master's,Female,sam.williams@gmail.com,(800) 647-9250,Sam Williams
13+,Game Development,Master's,Female,bob.jones@gmail.com,(304) 604-4298,Bob Jones
12+,Java,Master's,Female,oliver.johnson@gmail.com,(490) 553-1605,Oliver Johnson
11+,Back End,Master's,Female,grace.davis@hotmail.com,(316) 620-8601,Grace Davis
4+,React,Bachelor's,Male,julia.johnson@yahoo.com,(986) 192-1951,Julia Johnson
10+,React,Bachelor's,Female,ian.miller@example.com,(342) 954-2917,Ian Miller
14+,Blockchain Development,Master's,Female,michael.davis@outlook.com,(755) 298-6309,Michael Davis
14+,Software Testing,PhD,Female,tina.jones@outlook.com,(507) 295-3313,Tina Jones
12+,Java,Master's,Female,emma.brown@yahoo.com,(956) 874-2101,Emma Brown
13+,Python,Bachelor's,Male,kevin.rodriguez@outlook.com,(645) 642-6427,Kevin Rodriguez
3+,Embedded Systems,Bachelor's,Female,emma.miller@outlook.com,(329) 403-5014,Emma Miller
2+,Java,Bachelor's,Male,julia.brown@gmail.com,(255) 614-8675,Julia Brown
11+,Java,Bachelor's,Female,laura.williams@gmail.com,(857) 621-9877,Laura Williams
8+,Computer Vision,Master's,Male,rachel.garcia@example.com,(269) 165-2243,Rachel Garcia
13+,Database Management,Master's,Male,ian.rodriguez@outlook.com,(941) 107-6622,Ian Rodriguez
5+,Game Development,Master's,Female,emma.rodriguez@yahoo.com,(590) 460-1381,Emma Rodriguez
12+,Python,PhD,Male,sam.jones@yahoo.com,(792) 646-3060,Sam Jones
5+,Data Science,Bachelor's,Male,sam.davis@hotmail.com,(651) 738-7947,Sam Davis
12+,React,Master's,Male,oliver.martinez@hotmail.com,(362) 713-6884,Oliver Martinez
10+,DevOps,PhD,Female,laura.jones@gmail.com,(884) 127-9961,Laura Jones
2+,React,Master's,Male,emma.davis@gmail.com,(254) 564-3985,Emma Davis
12+,Back End,PhD,Male,grace.martinez@outlook.com,(440) 177-9188,Grace Martinez
7+,Java,Bachelor's,Female,alice.martinez@yahoo.com,(224) 283-3833,Alice Martinez
3+,Python,Master's,Female,rachel.miller@yahoo.com,(262) 250-5695,Rachel Miller
13+,Networking,PhD,Female,bob.jones@outlook.com,(835) 188-3996,Bob Jones
5+,Blockchain Development,Master's,Male,rachel.martinez@example.com,(869) 362-8175,Rachel Martinez
8+,Embedded Systems,PhD,Male,charlie.jones@outlook.com,(588) 462-2563,Charlie Jones
11+,Cloud Computing,Master's,Female,paul.davis@example.com,(891) 871-9093,Paul Davis
1+,Cybersecurity,Master's,Female,quinn.martinez@yahoo.com,(643) 717-4938,Quinn Martinez
8+,Networking,Bachelor's,Male,hannah.jones@outlook.com,(664) 482-4984,Hannah Jones
1+,Java,PhD,Male,nancy.smith@example.com,(446) 326-5144,Nancy Smith
5+,Front End,Bachelor's,Male,kevin.smith@example.com,(641) 212-2909,Kevin Smith
6+,Database Management,Master's,Male,hannah.williams@example.com,(381) 863-9572,Hannah Williams
6+,Python,Master's,Female,charlie.rodriguez@hotmail.com,(284) 488-7439,Charlie Rodriguez
6+,Full Stack,PhD,Male,laura.johnson@yahoo.com,(748) 893-9326,Laura Johnson
12+,Machine Learning,PhD,Male,emma.johnson@hotmail.com,(247) 119-8885,Emma Johnson
14+,React Native,PhD,Male,oliver.johnson@outlook.com,(367) 781-4275,Oliver Johnson
6+,Database Management,Bachelor's,Female,laura.martinez@outlook.com,(637) 360-1731,Laura Martinez
11+,Full Stack,PhD,Female,julia.davis@outlook.com,(499) 962-4753,Julia Davis
4+,Java,PhD,Female,alice.martinez@example.com,(662) 524-1438,Alice Martinez
2+,Cybersecurity,Bachelor's,Male,sam.davis@hotmail.com,(596) 215-2244,Sam Davis
11+,React,Master's,Male,michael.garcia@hotmail.com,(898) 186-7507,Michael Garcia
5+,Embedded Systems,PhD,Male,tina.miller@outlook.com,(939) 855-2921,Tina Miller
6+,Networking,PhD,Female,nancy.martinez@outlook.com,(344) 430-4170,Nancy Martinez
1+,Big Data,Bachelor's,Female,julia.jones@outlook.com,(566) 748-4380,Julia Jones
4+,Big Data,Master's,Female,tina.rodriguez@gmail.com,(327) 541-4650,Tina Rodriguez
4+,Computer Vision,Bachelor's,Male,tina.garcia@gmail.com,(463) 593-3025,Tina Garcia
12+,Machine Learning,Bachelor's,Male,laura.rodriguez@example.com,(651) 330-6186,Laura Rodriguez
10+,DevOps,Master's,Male,david.rodriguez@yahoo.com,(428) 547-8561,David Rodriguez
3+,Computer Vision,Master's,Male,hannah.garcia@hotmail.com,(376) 560-5269,Hannah Garcia
2+,Data Science,Bachelor's,Female,oliver.brown@outlook.com,(780) 582-4396,Oliver Brown
12+,React Native,Bachelor's,Female,hannah.jones@hotmail.com,(449) 993-3089,Hannah Jones
13+,Back End,PhD,Female,frank.miller@outlook.com,(854) 401-2230,Frank Miller
11+,React Native,Bachelor's,Female,ian.miller@hotmail.com,(347) 205-2297,Ian Miller
1+,Machine Learning,PhD,Female,emma.brown@hotmail.com,(499) 780-2166,Emma Brown
8+,Blockchain Development,PhD,Male,emma.jones@gmail.com,(552) 520-7386,Emma Jones
11+,Cybersecurity,PhD,Female,nancy.rodriguez@example.com,(598) 990-1518,Nancy Rodriguez
2+,Blockchain Development,PhD,Male,paul.garcia@hotmail.com,(405) 624-8602,Paul Garcia
9+,Blockchain Development,Bachelor's,Female,quinn.miller@example.com,(310) 459-5125,Quinn Miller
6+,React Native,PhD,Male,laura.davis@outlook.com,(247) 618-1775,Laura Davis
2+,Back End,Bachelor's,Male,laura.smith@yahoo.com,(379) 383-2778,Laura Smith
1+,Networking,PhD,Male,kevin.williams@example.com,(392) 202-2236,Kevin Williams
4+,Big Data,Bachelor's,Male,grace.williams@gmail.com,(562) 254-8649,Grace Williams
3+,DevOps,Bachelor's,Male,frank.miller@gmail.com,(356) 559-9633,Frank Miller
15+,Networking,PhD,Male,laura.martinez@yahoo.com,(273) 356-8323,Laura Martinez
4+,Networking,Master's,Female,rachel.jones@yahoo.com,(231) 748-6426,Rachel Jones
8+,AI Engineering,Master's,Male,paul.jones@yahoo.com,(433) 312-8191,Paul Jones
3+,DevOps,Bachelor's,Male,kevin.miller@example.com,(641) 229-8918,Kevin Miller
11+,AI Engineering,Bachelor's,Female,michael.jones@example.com,(896) 662-6487,Michael Jones
5+,Blockchain Development,Bachelor's,Female,sam.smith@outlook.com,(475) 282-3697,Sam Smith
7+,Cybersecurity,Master's,Male,tina.miller@yahoo.com,(319) 493-4268,Tina Miller
11+,Big Data,PhD,Male,nancy.miller@hotmail.com,(743) 455-2576,Nancy Miller
3+,Full Stack,Master's,Male,hannah.davis@hotmail.com,(963) 272-1076,Hannah Davis
5+,React,Bachelor's,Female,emma.johnson@gmail.com,(508) 713-8023,Emma Johnson
1+,Java,Bachelor's,Female,alice.williams@example.com,(392) 743-5649,Alice Williams
6+,DevOps,Bachelor's,Male,frank.brown@hotmail.com,(216) 634-4215,Frank Brown
7+,Cybersecurity,Bachelor's,Male,bob.rodriguez@outlook.com,(323) 279-2347,Bob Rodriguez
7+,Back End,PhD,Female,paul.rodriguez@hotmail.com,(508) 287-5235,Paul Rodriguez
13+,Java,PhD,Female,david.miller@yahoo.com,(207) 687-3672,David Miller
7+,Big Data,Master's,Female,hannah.miller@gmail.com,(911) 870-3739,Hannah Miller
4+,Cybersecurity,Master's,Male,kevin.brown@hotmail.com,(317) 838-4314,Kevin Brown
2+,Back End,Bachelor's,Female,oliver.johnson@outlook.com,(582) 150-9168,Oliver Johnson
8+,React Native,PhD,Male,michael.martinez@yahoo.com,(870) 851-6667,Michael Martinez
5+,Blockchain Development,PhD,Male,laura.williams@yahoo.com,(582) 458-7315,Laura Williams
2+,DevOps,Bachelor's,Male,charlie.johnson@outlook.com,(614) 504-8745,Charlie Johnson
11+,Blockchain Development,PhD,Male,emma.martinez@example.com,(730) 508-9509,Emma Martinez
14+,React Native,PhD,Male,michael.miller@hotmail.com,(738) 787-3383,Michael Miller
12+,Machine Learning,PhD,Male,bob.garcia@hotmail.com,(361) 508-1316,Bob Garcia
11+,Cybersecurity,Bachelor's,Male,oliver.miller@yahoo.com,(681) 513-5978,Oliver Miller
5+,Game Development,Bachelor's,Male,quinn.rodriguez@gmail.com,(965) 510-5620,Quinn Rodriguez
12+,Cloud Computing,Master's,Female,laura.smith@yahoo.com,(889) 727-4862,Laura Smith
11+,Big Data,PhD,Male,kevin.johnson@hotmail.com,(261) 145-3497,Kevin Johnson
2+,Front End,PhD,Female,kevin.garcia@hotmail.com,(888) 805-2861,Kevin Garcia
4+,DevOps,Master's,Male,frank.brown@yahoo.com,(372) 141-7431,Frank Brown
3+,Networking,Master's,Female,rachel.davis@gmail.com,(790) 594-9624,Rachel Davis
13+,Computer Vision,Master's,Female,emma.miller@gmail.com,(786) 187-9785,Emma Miller
9+,Computer Vision,PhD,Female,david.smith@yahoo.com,(430) 426-2799,David Smith
2+,Big Data,PhD,Male,michael.miller@gmail.com,(928) 555-7178,Michael Miller
8+,Data Science,Bachelor's,Male,tina.johnson@example.com,(822) 558-7462,Tina Johnson
2+,React Native,Master's,Female,sam.miller@gmail.com,(379) 207-8329,Sam Miller
7+,Cybersecurity,Master's,Male,sam.brown@example.com,(513) 106-4650,Sam Brown
11+,Computer Vision,Bachelor's,Male,ian.rodriguez@example.com,(494) 828-4317,Ian Rodriguez
13+,Front End,PhD,Female,ian.smith@hotmail.com,(726) 127-4565,Ian Smith
8+,Game Development,Bachelor's,Male,sam.davis@outlook.com,(414) 491-2794,Sam Davis
10+,Java,Master's,Male,laura.brown@gmail.com,(571) 256-9543,Laura Brown
1+,Game Development,Master's,Female,frank.davis@outlook.com,(658) 240-9306,Frank Davis
6+,Front End,Bachelor's,Male,grace.martinez@outlook.com,(684) 330-5806,Grace Martinez
3+,AI Engineering,PhD,Female,quinn.jones@yahoo.com,(455) 465-9712,Quinn Jones
7+,Big Data,Bachelor's,Male,emma.miller@example.com,(947) 481-6178,Emma Miller
10+,Blockchain Development,Master's,Male,emma.rodriguez@yahoo.com,(402) 765-5578,Emma Rodriguez
15+,Data Science,PhD,Female,emma.johnson@outlook.com,(994) 815-5597,Emma Johnson
2+,Software Testing,PhD,Male,grace.miller@yahoo.com,(939) 455-5410,Grace Miller
14+,Game Development,PhD,Female,frank.williams@gmail.com,(720) 953-8978,Frank Williams
14+,Database Management,Bachelor's,Female,oliver.garcia@gmail.com,(746) 253-9630,Oliver Garcia
6+,Python,Bachelor's,Male,ian.williams@hotmail.com,(794) 688-8793,Ian Williams
2+,Java,PhD,Male,emma.johnson@yahoo.com,(875) 215-4693,Emma Johnson
10+,Data Science,PhD,Female,hannah.jones@hotmail.com,(270) 244-2492,Hannah Jones
4+,Networking,Bachelor's,Female,ian.jones@hotmail.com,(446) 926-9576,Ian Jones
14+,DevOps,Bachelor's,Female,david.davis@example.com,(678) 842-8483,David Davis
6+,AI Engineering,PhD,Female,paul.miller@gmail.com,(501) 296-9406,Paul Miller
14+,AI Engineering,Bachelor's,Female,laura.martinez@example.com,(377) 706-5249,Laura Martinez
9+,Machine Learning,Master's,Male,grace.davis@gmail.com,(529) 145-4271,Grace Davis
8+,Embedded Systems,PhD,Female,charlie.davis@yahoo.com,(969) 471-8850,Charlie Davis
9+,Embedded Systems,PhD,Female,tina.miller@example.com,(890) 858-1530,Tina Miller
2+,Python,Bachelor's,Male,tina.miller@yahoo.com,(781) 259-7881,Tina Miller
12+,Data Science,PhD,Female,david.smith@gmail.com,(996) 610-5979,David Smith
2+,Networking,Bachelor's,Male,sam.jones@hotmail.com,(737) 271-9256,Sam Jones
13+,Python,PhD,Female,paul.williams@hotmail.com,(694) 781-1215,Paul Williams
9+,Cloud Computing,Bachelor's,Female,nancy.smith@gmail.com,(205) 619-9743,Nancy Smith
12+,Computer Vision,Bachelor's,Male,bob.williams@example.com,(509) 357-1535,Bob Williams
6+,React,PhD,Male,paul.rodriguez@outlook.com,(999) 516-9387,Paul Rodriguez
14+,Java,Bachelor's,Male,hannah.brown@gmail.com,(906) 336-7196,Hannah Brown
2+,Java,Master's,Female,julia.davis@gmail.com,(929) 340-2261,Julia Davis
14+,DevOps,PhD,Male,laura.johnson@hotmail.com,(308) 192-1845,Laura Johnson
11+,Cybersecurity,PhD,Female,kevin.jones@yahoo.com,(790) 700-1733,Kevin Jones
3+,Cloud Computing,Master's,Female,alice.smith@yahoo.com,(438) 723-8196,Alice Smith
1+,Cloud Computing,Master's,Female,michael.davis@gmail.com,(512) 977-9680,Michael Davis
9+,AI Engineering,PhD,Male,laura.garcia@outlook.com,(378) 771-8982,Laura Garcia
11+,Networking,Bachelor's,Male,michael.garcia@outlook.com,(969) 415-6509,Michael Garcia
9+,Cybersecurity,Bachelor's,Female,michael.miller@gmail.com,(519) 591-9247,Michael Miller
15+,Full Stack,Master's,Male,emma.davis@example.com,(365) 777-9351,Emma Davis
12+,Machine Learning,Bachelor's,Female,kevin.williams@example.com,(303) 177-5835,Kevin Williams
12+,Cloud Computing,Master's,Male,alice.brown@gmail.com,(568) 356-6331,Alice Brown
3+,Cloud Computing,PhD,Male,oliver.smith@example.com,(664) 955-2469,Oliver Smith
12+,React Native,PhD,Male,emma.jones@outlook.com,(380) 800-4876,Emma Jones
8+,Big Data,Bachelor's,Male,rachel.brown@gmail.com,(511) 499-9121,Rachel Brown
9+,Machine Learning,Bachelor's,Female,sam.miller@yahoo.com,(981) 700-3046,Sam Miller
3+,AI Engineering,Bachelor's,Female,frank.smith@gmail.com,(774) 282-6584,Frank Smith
2+,Database Management,Master's,Male,michael.johnson@outlook.com,(760) 134-3165,Michael Johnson
1+,Data Science,Bachelor's,Male,hannah.martinez@yahoo.com,(873) 776-7402,Hannah Martinez
5+,Cybersecurity,Bachelor's,Male,kevin.davis@hotmail.com,(475) 109-4749,Kevin Davis
2+,AI Engineering,Bachelor's,Male,nancy.garcia@outlook.com,(247) 239-3707,Nancy Garcia
4+,Java,Master's,Female,michael.brown@yahoo.com,(314) 567-2876,Michael Brown
2+,Java,Bachelor's,Female,emma.williams@example.com,(934) 888-1382,Emma Williams
9+,Database Management,Master's,Male,michael.jones@outlook.com,(996) 974-8029,Michael Jones
2+,Python,Bachelor's,Female,julia.garcia@example.com,(463) 578-4159,Julia Garcia
3+,AI Engineering,Bachelor's,Female,rachel.jones@example.com,(853) 149-8172,Rachel Jones
3+,Machine Learning,PhD,Female,kevin.smith@gmail.com,(932) 279-1768,Kevin Smith
7+,React Native,Bachelor's,Female,nancy.martinez@example.com,(953) 126-3947,Nancy Martinez
1+,Game Development,Bachelor's,Male,kevin.martinez@yahoo.com,(861) 436-5739,Kevin Martinez
12+,Back End,PhD,Female,grace.smith@outlook.com,(395) 883-6874,Grace Smith
15+,React,Bachelor's,Female,oliver.davis@example.com,(546) 870-3774,Oliver Davis
14+,Game Development,Master's,Male,ian.rodriguez@gmail.com,(316) 288-5270,Ian Rodriguez
3+,Python,Master's,Male,sam.rodriguez@gmail.com,(324) 173-7089,Sam Rodriguez
1+,React Native,PhD,Male,tina.smith@gmail.com,(265) 173-6788,Tina Smith
15+,Game Development,Bachelor's,Female,paul.brown@hotmail.com,(694) 815-3575,Paul Brown
1+,Game Development,Master's,Male,grace.johnson@example.com,(561) 373-7872,Grace Johnson
6+,Embedded Systems,PhD,Female,laura.garcia@gmail.com,(506) 531-4978,Laura Garcia
4+,Big Data,Master's,Female,emma.martinez@outlook.com,(706) 981-9742,Emma Martinez
8+,Machine Learning,PhD,Male,emma.rodriguez@yahoo.com,(455) 445-6313,Emma Rodriguez
8+,Embedded Systems,Master's,Female,hannah.smith@example.com,(900) 932-5836,Hannah Smith
11+,Computer Vision,Bachelor's,Female,michael.jones@yahoo.com,(215) 106-3903,Michael Jones
14+,Networking,PhD,Male,charlie.martinez@yahoo.com,(796) 561-8555,Charlie Martinez
4+,Cybersecurity,PhD,Male,bob.johnson@yahoo.com,(926) 515-4399,Bob Johnson
13+,DevOps,Master's,Male,michael.garcia@gmail.com,(200) 964-3841,Michael Garcia
2+,Data Science,Bachelor's,Female,frank.miller@yahoo.com,(865) 787-4843,Frank Miller
11+,React Native,Bachelor's,Male,kevin.jones@outlook.com,(789) 855-2388,Kevin Jones
13+,Big Data,Bachelor's,Female,nancy.miller@yahoo.com,(810) 145-9405,Nancy Miller
15+,Full Stack,Bachelor's,Female,alice.jones@example.com,(300) 904-8494,Alice Jones
10+,Software Testing,Master's,Male,laura.garcia@example.com,(363) 510-8398,Laura Garcia
4+,DevOps,Master's,Female,rachel.martinez@example.com,(919) 271-7230,Rachel Martinez
4+,DevOps,PhD,Male,michael.johnson@yahoo.com,(877) 824-8672,Michael Johnson
13+,Computer Vision,PhD,Female,oliver.miller@example.com,(399) 203-3241,Oliver Miller
6+,DevOps,PhD,Female,alice.smith@yahoo.com,(563) 361-8444,Alice Smith
1+,Big Data,Bachelor's,Female,nancy.martinez@yahoo.com,(532) 163-5048,Nancy Martinez
11+,Blockchain Development,Bachelor's,Male,ian.miller@example.com,(206) 142-6478,Ian Miller
10+,Machine Learning,Bachelor's,Female,hannah.brown@example.com,(785) 948-4004,Hannah Brown
12+,Back End,Master's,Male,frank.williams@hotmail.com,(489) 897-4913,Frank Williams
2+,Blockchain Development,Master's,Female,charlie.brown@example.com,(665) 600-1944,Charlie Brown
13+,Cybersecurity,Bachelor's,Male,nancy.jones@example.com,(811) 539-6962,Nancy Jones
14+,Blockchain Development,Master's,Female,paul.davis@hotmail.com,(805) 391-2373,Paul Davis
6+,Cybersecurity,PhD,Female,sam.williams@outlook.com,(437) 787-6999,Sam Williams
5+,Embedded Systems,Master's,Female,quinn.smith@example.com,(516) 294-7798,Quinn Smith
7+,React Native,Master's,Female,tina.miller@hotmail.com,(964) 481-7200,Tina Miller
4+,Front End,Master's,Male,oliver.brown@hotmail.com,(543) 481-1688,Oliver Brown
10+,AI Engineering,Bachelor's,Male,alice.johnson@example.com,(911) 362-9503,Alice Johnson
14+,Networking,Master's,Female,charlie.smith@example.com,(844) 190-1164,Charlie Smith
13+,Game Development,Master's,Male,sam.garcia@hotmail.com,(623) 825-1387,Sam Garcia
10+,AI Engineering,Master's,Male,rachel.garcia@example.com,(520) 799-8979,Rachel Garcia
3+,Embedded Systems,Bachelor's,Male,quinn.rodriguez@hotmail.com,(634) 428-9971,Quinn Rodriguez
15+,Embedded Systems,Bachelor's,Female,tina.garcia@yahoo.com,(456) 567-7417,Tina Garcia
14+,Java,Master's,Male,laura.garcia@gmail.com,(240) 573-8359,Laura Garcia
7+,Big Data,PhD,Male,frank.garcia@outlook.com,(956) 886-7653,Frank Garcia
8+,AI Engineering,Master's,Male,grace.rodriguez@gmail.com,(660) 610-2891,Grace Rodriguez
1+,Cloud Computing,PhD,Female,bob.miller@example.com,(439) 944-1445,Bob Miller
14+,Database Management,Master's,Male,alice.rodriguez@outlook.com,(809) 338-5831,Alice Rodriguez
1+,React Native,PhD,Male,ian.rodriguez@yahoo.com,(264) 406-3011,Ian Rodriguez
14+,React Native,Bachelor's,Male,oliver.davis@hotmail.com,(335) 190-5742,Oliver Davis
5+,Java,Bachelor's,Male,alice.williams@yahoo.com,(666) 572-3301,Alice Williams
14+,Software Testing,Bachelor's,Female,hannah.jones@outlook.com,(686) 266-5827,Hannah Jones
10+,Big Data,Bachelor's,Female,laura.smith@outlook.com,(866) 576-2878,Laura Smith
4+,Data Science,PhD,Male,tina.davis@example.com,(997) 734-1751,Tina Davis
8+,Database Management,Master's,Male,kevin.rodriguez@example.com,(421) 316-4900,Kevin Rodriguez
6+,Software Testing,PhD,Male,kevin.jones@yahoo.com,(708) 590-2008,Kevin Jones
10+,React Native,Bachelor's,Female,david.smith@yahoo.com,(294) 844-9709,David Smith
7+,Networking,Bachelor's,Male,bob.martinez@hotmail.com,(253) 629-8668,Bob Martinez
13+,Back End,PhD,Female,quinn.davis@yahoo.com,(997) 883-8790,Quinn Davis
3+,Data Science,Bachelor's,Male,kevin.johnson@outlook.com,(726) 204-7205,Kevin Johnson
13+,Cloud Computing,Bachelor's,Female,julia.garcia@gmail.com,(721) 728-9279,Julia Garcia
3+,React Native,Bachelor's,Male,emma.rodriguez@example.com,(828) 400-3800,Emma Rodriguez
8+,Networking,Master's,Female,hannah.garcia@outlook.com,(533) 814-4426,Hannah Garcia
7+,Data Science,Bachelor's,Female,emma.rodriguez@hotmail.com,(611) 972-6579,Emma Rodriguez
15+,Computer Vision,Master's,Female,kevin.brown@example.com,(541) 399-2151,Kevin Brown
8+,Big Data,Master's,Male,alice.smith@yahoo.com,(599) 670-5952,Alice Smith
10+,Networking,PhD,Female,laura.davis@gmail.com,(419) 383-9736,Laura Davis
4+,Back End,PhD,Male,quinn.smith@hotmail.com,(825) 389-1999,Quinn Smith
6+,Java,PhD,Male,bob.davis@example.com,(909) 512-3559,Bob Davis
14+,Cybersecurity,Bachelor's,Male,alice.johnson@outlook.com,(455) 219-1744,Alice Johnson
6+,AI Engineering,Bachelor's,Male,nancy.martinez@gmail.com,(522) 873-9179,Nancy Martinez
12+,Game Development,Master's,Female,david.rodriguez@yahoo.com,(667) 974-4167,David Rodriguez
12+,Cloud Computing,PhD,Male,rachel.jones@example.com,(460) 979-2557,Rachel Jones
2+,React Native,PhD,Female,tina.johnson@example.com,(221) 741-6396,Tina Johnson
6+,Software Testing,Master's,Female,hannah.miller@outlook.com,(287) 440-2176,Hannah Miller
4+,Game Development,Bachelor's,Male,michael.rodriguez@yahoo.com,(805) 823-9510,Michael Rodriguez
15+,Computer Vision,Master's,Female,tina.brown@yahoo.com,(874) 920-9522,Tina Brown
5+,Machine Learning,Master's,Female,tina.davis@hotmail.com,(532) 339-4519,Tina Davis
4+,Back End,Bachelor's,Male,hannah.williams@gmail.com,(821) 237-5493,Hannah Williams
15+,DevOps,PhD,Male,laura.martinez@gmail.com,(807) 487-6468,Laura Martinez
8+,Game Development,PhD,Male,rachel.martinez@gmail.com,(966) 270-1737,Rachel Martinez
1+,Networking,PhD,Female,quinn.johnson@yahoo.com,(219) 407-1343,Quinn Johnson
2+,Computer Vision,Master's,Female,tina.garcia@example.com,(917) 434-3840,Tina Garcia
15+,Cybersecurity,Bachelor's,Female,emma.garcia@outlook.com,(809) 139-8440,Emma Garcia
15+,Front End,Master's,Male,emma.garcia@example.com,(825) 709-4717,Emma Garcia
8+,Front End,PhD,Female,emma.martinez@gmail.com,(486) 357-4329,Emma Martinez
6+,AI Engineering,Master's,Female,hannah.miller@yahoo.com,(227) 868-2810,Hannah Miller
7+,React Native,Bachelor's,Male,charlie.davis@hotmail.com,(275) 510-5218,Charlie Davis
11+,Computer Vision,Bachelor's,Male,tina.miller@yahoo.com,(631) 628-6061,Tina Miller
2+,Data Science,Master's,Male,emma.martinez@outlook.com,(847) 329-9705,Emma Martinez
9+,Big Data,PhD,Male,ian.miller@yahoo.com,(610) 389-1717,Ian Miller
9+,Game Development,PhD,Male,tina.jones@outlook.com,(219) 849-8339,Tina Jones
12+,Blockchain Development,Master's,Female,bob.williams@hotmail.com,(884) 744-4957,Bob Williams
9+,React Native,Master's,Female,julia.johnson@example.com,(378) 122-4807,Julia Johnson
6+,Full Stack,Bachelor's,Female,david.rodriguez@yahoo.com,(371) 439-1900,David Rodriguez
12+,Machine Learning,Bachelor's,Female,julia.williams@hotmail.com,(675) 188-2814,Julia Williams
2+,Front End,PhD,Female,emma.johnson@hotmail.com,(231) 245-5360,Emma Johnson
13+,React,PhD,Female,kevin.jones@outlook.com,(623) 408-3137,Kevin Jones
5+,Networking,Bachelor's,Male,grace.smith@outlook.com,(716) 498-4384,Grace Smith
11+,Embedded Systems,PhD,Male,alice.johnson@example.com,(629) 486-4064,Alice Johnson
1+,Java,PhD,Male,oliver.johnson@yahoo.com,(337) 451-1996,Oliver Johnson
8+,Full Stack,Master's,Female,hannah.williams@example.com,(880) 194-6023,Hannah Williams
6+,Blockchain Development,Bachelor's,Female,ian.williams@gmail.com,(911) 855-7636,Ian Williams
1+,Software Testing,Master's,Female,david.johnson@example.com,(873) 891-8624,David Johnson
12+,Software Testing,Master's,Female,laura.jones@hotmail.com,(753) 123-4793,Laura Jones
4+,DevOps,Master's,Female,emma.martinez@hotmail.com,(493) 116-2228,Emma Martinez
14+,DevOps,Bachelor's,Male,paul.williams@yahoo.com,(226) 623-1173,Paul Williams
9+,Blockchain Development,Master's,Female,michael.davis@yahoo.com,(521) 969-3158,Michael Davis
13+,Database Management,Master's,Male,hannah.johnson@example.com,(966) 603-2875,Hannah Johnson
12+,Software Testing,Bachelor's,Male,sam.miller@outlook.com,(658) 139-4723,Sam Miller
1+,Computer Vision,PhD,Male,bob.jones@yahoo.com,(452) 776-9359,Bob Jones
4+,Cybersecurity,Bachelor's,Female,emma.davis@outlook.com,(264) 886-2875,Emma Davis
1+,Machine Learning,Bachelor's,Female,ian.jones@yahoo.com,(729) 870-6469,Ian Jones
7+,Java,Master's,Male,sam.garcia@gmail.com,(944) 818-7673,Sam Garcia
1+,Cloud Computing,Bachelor's,Male,david.williams@outlook.com,(579) 898-6140,David Williams
14+,Cybersecurity,Bachelor's,Male,rachel.miller@yahoo.com,(918) 935-2723,Rachel Miller
2+,Cloud Computing,PhD,Female,ian.martinez@hotmail.com,(862) 275-7362,Ian Martinez
14+,Database Management,PhD,Male,hannah.miller@gmail.com,(833) 720-8484,Hannah Miller
15+,Data Science,Bachelor's,Male,michael.rodriguez@hotmail.com,(369) 666-2161,Michael Rodriguez
12+,Networking,Bachelor's,Male,michael.miller@yahoo.com,(611) 900-3515,Michael Miller
4+,Front End,Bachelor's,Male,frank.garcia@outlook.com,(627) 258-2002,Frank Garcia
13+,Data Science,Bachelor's,Female,emma.williams@hotmail.com,(611) 927-7277,Emma Williams
10+,Networking,Master's,Male,rachel.johnson@gmail.com,(742) 951-9097,Rachel Johnson
10+,Big Data,PhD,Male,bob.jones@yahoo.com,(286) 377-1781,Bob Jones
3+,Computer Vision,Bachelor's,Female,rachel.martinez@gmail.com,(532) 897-6139,Rachel Martinez
9+,Big Data,PhD,Male,grace.brown@outlook.com,(351) 650-8028,Grace Brown
2+,Software Testing,Master's,Male,grace.johnson@outlook.com,(891) 524-2271,Grace Johnson
2+,AI Engineering,PhD,Female,kevin.davis@outlook.com,(274) 661-3611,Kevin Davis
6+,Data Science,Master's,Female,bob.davis@example.com,(811) 868-7943,Bob Davis
9+,Cloud Computing,Master's,Female,hannah.rodriguez@gmail.com,(570) 866-8734,Hannah Rodriguez
13+,Machine Learning,Bachelor's,Female,kevin.williams@gmail.com,(469) 776-5981,Kevin Williams
4+,Computer Vision,Master's,Female,david.garcia@outlook.com,(728) 392-4824,David Garcia
9+,Blockchain Development,PhD,Female,emma.brown@yahoo.com,(222) 973-8982,Emma Brown
8+,Back End,Master's,Female,alice.martinez@yahoo.com,(568) 951-7009,Alice Martinez
14+,Computer Vision,Bachelor's,Male,charlie.jones@gmail.com,(276) 835-2749,Charlie Jones
12+,Database Management,Master's,Female,oliver.williams@gmail.com,(925) 407-9223,Oliver Williams
15+,Cloud Computing,Bachelor's,Female,emma.miller@gmail.com,(863) 422-2086,Emma Miller
13+,React,PhD,Male,sam.jones@example.com,(831) 982-4201,Sam Jones
6+,Embedded Systems,Bachelor's,Male,bob.davis@gmail.com,(461) 714-7120,Bob Davis
6+,Database Management,Bachelor's,Female,sam.rodriguez@hotmail.com,(781) 750-9574,Sam Rodriguez
8+,Java,PhD,Female,laura.smith@outlook.com,(625) 669-2265,Laura Smith
3+,Blockchain Development,Master's,Female,rachel.martinez@example.com,(726) 471-2449,Rachel Martinez
3+,Big Data,Bachelor's,Male,charlie.martinez@gmail.com,(670) 948-3654,Charlie Martinez
9+,Software Testing,Master's,Male,frank.davis@example.com,(274) 208-3359,Frank Davis
14+,Back End,PhD,Female,alice.miller@outlook.com,(452) 904-4293,Alice Miller
10+,React,Bachelor's,Male,grace.rodriguez@yahoo.com,(463) 153-6917,Grace Rodriguez
7+,Embedded Systems,Bachelor's,Female,tina.brown@gmail.com,(666) 540-1219,Tina Brown
10+,Cybersecurity,Bachelor's,Female,oliver.smith@outlook.com,(561) 874-1938,Oliver Smith
10+,Data Science,Master's,Male,ian.rodriguez@hotmail.com,(621) 226-3503,Ian Rodriguez
7+,AI Engineering,PhD,Male,michael.johnson@gmail.com,(760) 936-9345,Michael Johnson
2+,Software Testing,Bachelor's,Female,kevin.smith@outlook.com,(224) 953-2019,Kevin Smith
10+,AI Engineering,Master's,Male,oliver.davis@hotmail.com,(511) 847-1753,Oliver Davis
9+,Computer Vision,Bachelor's,Female,julia.smith@yahoo.com,(238) 218-8555,Julia Smith
4+,Big Data,PhD,Male,grace.jones@hotmail.com,(502) 803-3838,Grace Jones
3+,React,Master's,Female,julia.davis@hotmail.com,(873) 474-6680,Julia Davis
13+,Cloud Computing,Bachelor's,Male,grace.jones@outlook.com,(290) 315-3452,Grace Jones
8+,Blockchain Development,PhD,Female,paul.johnson@outlook.com,(469) 231-5886,Paul Johnson
9+,Software Testing,Master's,Female,sam.miller@example.com,(516) 720-1917,Sam Miller
5+,DevOps,PhD,Male,oliver.rodriguez@outlook.com,(867) 871-1725,Oliver Rodriguez
12+,Data Science,PhD,Male,charlie.martinez@hotmail.com,(322) 340-9217,Charlie Martinez
14+,Java,PhD,Male,julia.davis@yahoo.com,(925) 142-4038,Julia Davis
10+,React,Bachelor's,Female,hannah.martinez@gmail.com,(471) 302-3503,Hannah Martinez
12+,Python,PhD,Male,sam.johnson@example.com,(403) 729-3205,Sam Johnson
2+,Game Development,Bachelor's,Male,hannah.martinez@hotmail.com,(334) 721-4586,Hannah Martinez
11+,Big Data,Bachelor's,Male,ian.garcia@gmail.com,(833) 616-9557,Ian Garcia
15+,Full Stack,Master's,Female,charlie.garcia@gmail.com,(823) 104-6131,Charlie Garcia
9+,Embedded Systems,Master's,Female,hannah.williams@yahoo.com,(547) 362-6861,Hannah Williams
3+,Full Stack,Bachelor's,Male,grace.rodriguez@hotmail.com,(226) 599-3975,Grace Rodriguez
12+,Software Testing,PhD,Male,sam.garcia@yahoo.com,(840) 136-9956,Sam Garcia
2+,React,Master's,Male,tina.brown@outlook.com,(259) 177-2217,Tina Brown
11+,Cybersecurity,PhD,Female,oliver.miller@hotmail.com,(777) 559-7337,Oliver Miller
3+,Big Data,Master's,Male,nancy.jones@gmail.com,(231) 833-9486,Nancy Jones
1+,Python,PhD,Male,quinn.smith@hotmail.com,(916) 930-2192,Quinn Smith
5+,DevOps,PhD,Female,sam.davis@hotmail.com,(279) 976-6640,Sam Davis
13+,Blockchain Development,Master's,Female,rachel.miller@outlook.com,(595) 506-5911,Rachel Miller
4+,React Native,Bachelor's,Male,hannah.brown@outlook.com,(838) 652-2266,Hannah Brown
8+,Java,Master's,Female,alice.williams@gmail.com,(625) 483-1355,Alice Williams
8+,AI Engineering,Master's,Female,kevin.martinez@yahoo.com,(883) 200-8420,Kevin Martinez
4+,React Native,PhD,Male,tina.davis@example.com,(371) 145-4960,Tina Davis
15+,Game Development,Bachelor's,Female,emma.brown@hotmail.com,(279) 288-2022,Emma Brown
3+,Java,PhD,Female,david.smith@gmail.com,(347) 127-3587,David Smith
12+,Full Stack,PhD,Female,michael.rodriguez@yahoo.com,(830) 375-6926,Michael Rodriguez
10+,Back End,Master's,Female,sam.davis@outlook.com,(554) 879-2942,Sam Davis
11+,Java,Master's,Male,oliver.rodriguez@hotmail.com,(470) 910-6949,Oliver Rodriguez
14+,Full Stack,PhD,Female,kevin.jones@outlook.com,(369) 824-8784,Kevin Jones
4+,Embedded Systems,Master's,Female,julia.martinez@outlook.com,(521) 415-5879,Julia Martinez
7+,Back End,Master's,Female,hannah.miller@example.com,(296) 767-4045,Hannah Miller
2+,Cybersecurity,Master's,Male,paul.garcia@hotmail.com,(240) 630-5897,Paul Garcia
12+,Game Development,Master's,Male,rachel.rodriguez@outlook.com,(772) 933-3762,Rachel Rodriguez
5+,React Native,Bachelor's,Female,julia.jones@gmail.com,(200) 258-9155,Julia Jones
1+,Cloud Computing,Bachelor's,Male,paul.smith@gmail.com,(906) 595-2635,Paul Smith
11+,Networking,Master's,Male,grace.rodriguez@yahoo.com,(571) 744-3561,Grace Rodriguez
2+,DevOps,Bachelor's,Female,grace.jones@outlook.com,(646) 841-1361,Grace Jones
3+,DevOps,PhD,Female,sam.davis@gmail.com,(614) 254-2488,Sam Davis
9+,React Native,Master's,Female,frank.davis@hotmail.com,(605) 230-6350,Frank Davis
1+,React Native,PhD,Female,grace.johnson@example.com,(668) 767-2029,Grace Johnson
3+,AI Engineering,Master's,Female,oliver.garcia@hotmail.com,(753) 403-6738,Oliver Garcia
5+,Full Stack,Master's,Male,rachel.johnson@example.com,(902) 611-1356,Rachel Johnson
12+,Cybersecurity,Bachelor's,Female,rachel.jones@hotmail.com,(765) 204-6738,Rachel Jones
13+,Cybersecurity,Bachelor's,Male,michael.garcia@example.com,(819) 392-7630,Michael Garcia
4+,Back End,PhD,Male,david.williams@hotmail.com,(995) 788-1536,David Williams
4+,Python,PhD,Male,oliver.jones@example.com,(866) 524-9431,Oliver Jones
8+,Back End,PhD,Female,oliver.davis@outlook.com,(479) 995-6624,Oliver Davis
1+,Computer Vision,Master's,Female,julia.jones@hotmail.com,(257) 226-2167,Julia Jones
1+,Data Science,PhD,Female,emma.johnson@gmail.com,(235) 878-9388,Emma Johnson
4+,Front End,PhD,Male,charlie.martinez@hotmail.com,(598) 921-1854,Charlie Martinez
11+,Full Stack,Master's,Female,david.garcia@gmail.com,(411) 163-3863,David Garcia
12+,Cybersecurity,Master's,Male,sam.williams@hotmail.com,(436) 946-5440,Sam Williams
7+,Python,Master's,Male,david.jones@yahoo.com,(525) 664-4379,David Jones
2+,Front End,Master's,Female,quinn.garcia@outlook.com,(334) 146-3530,Quinn Garcia
7+,Embedded Systems,PhD,Female,julia.martinez@gmail.com,(992) 897-5053,Julia Martinez
4+,Embedded Systems,PhD,Male,laura.williams@gmail.com,(718) 219-4268,Laura Williams
7+,Blockchain Development,Master's,Male,paul.johnson@gmail.com,(622) 922-4879,Paul Johnson
4+,Cybersecurity,PhD,Female,frank.garcia@example.com,(938) 647-3900,Frank Garcia
7+,Big Data,Bachelor's,Male,ian.jones@gmail.com,(594) 965-9213,Ian Jones
10+,Embedded Systems,Bachelor's,Female,alice.martinez@outlook.com,(389) 384-3083,Alice Martinez
7+,React,Bachelor's,Female,ian.brown@yahoo.com,(742) 719-2256,Ian Brown
12+,Machine Learning,PhD,Male,emma.miller@yahoo.com,(668) 537-2359,Emma Miller
14+,React,PhD,Female,david.johnson@hotmail.com,(258) 477-2959,David Johnson
10+,Big Data,PhD,Male,charlie.williams@hotmail.com,(702) 691-1555,Charlie Williams
3+,Game Development,PhD,Male,quinn.jones@outlook.com,(699) 764-4499,Quinn Jones
12+,React Native,PhD,Female,rachel.johnson@example.com,(727) 609-9099,Rachel Johnson
15+,Full Stack,Master's,Female,nancy.williams@gmail.com,(764) 972-7189,Nancy Williams
2+,Embedded Systems,Master's,Female,laura.martinez@gmail.com,(773) 263-2786,Laura Martinez
3+,Data Science,Master's,Male,grace.martinez@hotmail.com,(293) 636-4866,Grace Martinez
10+,Cloud Computing,Bachelor's,Male,nancy.rodriguez@outlook.com,(869) 937-4716,Nancy Rodriguez
7+,Back End,Bachelor's,Female,alice.williams@example.com,(282) 818-7203,Alice Williams
4+,Computer Vision,PhD,Male,charlie.johnson@hotmail.com,(845) 981-2881,Charlie Johnson
13+,Software Testing,Master's,Female,hannah.martinez@hotmail.com,(549) 355-7638,Hannah Martinez
2+,AI Engineering,Master's,Male,quinn.johnson@yahoo.com,(819) 465-4517,Quinn Johnson
13+,React Native,PhD,Female,emma.davis@hotmail.com,(713) 105-8434,Emma Davis
14+,Data Science,Master's,Female,frank.davis@hotmail.com,(826) 365-2181,Frank Davis
4+,AI Engineering,Bachelor's,Male,emma.jones@hotmail.com,(939) 706-8970,Emma Jones
9+,AI Engineering,PhD,Male,kevin.williams@outlook.com,(482) 318-5334,Kevin Williams
3+,React Native,Bachelor's,Female,nancy.jones@outlook.com,(780) 559-1731,Nancy Jones
7+,Full Stack,Master's,Male,ian.johnson@gmail.com,(925) 420-5202,Ian Johnson
10+,React Native,Master's,Male,grace.miller@yahoo.com,(694) 777-7389,Grace Miller
3+,Front End,Bachelor's,Female,paul.garcia@yahoo.com,(922) 229-8837,Paul Garcia
7+,DevOps,Master's,Male,tina.smith@hotmail.com,(998) 229-2025,Tina Smith
8+,Blockchain Development,Bachelor's,Female,sam.johnson@example.com,(569) 450-6242,Sam Johnson
7+,Big Data,Bachelor's,Male,quinn.johnson@example.com,(228) 902-6102,Quinn Johnson
5+,Game Development,PhD,Male,laura.johnson@outlook.com,(661) 264-3132,Laura Johnson
13+,Python,PhD,Female,sam.jones@outlook.com,(614) 702-1822,Sam Jones
11+,Java,PhD,Female,michael.martinez@yahoo.com,(630) 732-8691,Michael Martinez
12+,Cloud Computing,Bachelor's,Female,rachel.brown@gmail.com,(408) 569-7603,Rachel Brown
13+,Python,Bachelor's,Male,oliver.miller@hotmail.com,(905) 715-6715,Oliver Miller
14+,Networking,Master's,Female,tina.williams@hotmail.com,(506) 482-9831,Tina Williams
6+,Machine Learning,Bachelor's,Female,david.miller@yahoo.com,(766) 709-6968,David Miller
4+,Back End,Bachelor's,Female,ian.garcia@gmail.com,(688) 290-4529,Ian Garcia
8+,Front End,PhD,Male,grace.martinez@gmail.com,(764) 602-8539,Grace Martinez
10+,Computer Vision,Master's,Male,julia.smith@yahoo.com,(493) 922-6064,Julia Smith
7+,Game Development,Master's,Male,hannah.rodriguez@hotmail.com,(449) 537-7853,Hannah Rodriguez
3+,Front End,Master's,Female,ian.smith@yahoo.com,(397) 716-4137,Ian Smith
5+,Computer Vision,Bachelor's,Male,grace.brown@hotmail.com,(381) 773-8310,Grace Brown
13+,Data Science,PhD,Female,hannah.smith@example.com,(926) 448-4066,Hannah Smith
4+,React Native,PhD,Male,frank.smith@outlook.com,(687) 327-1996,Frank Smith
5+,Big Data,Master's,Female,tina.martinez@yahoo.com,(893) 660-9052,Tina Martinez
4+,Python,Master's,Male,rachel.rodriguez@example.com,(781) 825-7880,Rachel Rodriguez
8+,Data Science,PhD,Female,michael.davis@hotmail.com,(301) 282-7920,Michael Davis
14+,DevOps,Bachelor's,Female,rachel.rodriguez@example.com,(884) 752-4035,Rachel Rodriguez
2+,Software Testing,Bachelor's,Female,sam.brown@gmail.com,(431) 121-9020,Sam Brown
10+,Cloud Computing,Bachelor's,Female,emma.smith@gmail.com,(930) 324-4032,Emma Smith
4+,Networking,PhD,Male,ian.brown@hotmail.com,(587) 714-6410,Ian Brown
12+,Full Stack,PhD,Male,alice.johnson@example.com,(641) 925-3600,Alice Johnson
12+,Back End,Bachelor's,Male,frank.williams@yahoo.com,(479) 757-8643,Frank Williams
7+,Back End,Master's,Female,hannah.martinez@yahoo.com,(589) 507-4835,Hannah Martinez
15+,Game Development,PhD,Male,oliver.jones@yahoo.com,(746) 349-1017,Oliver Jones
6+,Database Management,PhD,Male,emma.jones@outlook.com,(920) 940-5162,Emma Jones
14+,Cybersecurity,Master's,Female,charlie.garcia@hotmail.com,(999) 312-4505,Charlie Garcia
7+,Big Data,Bachelor's,Female,paul.johnson@outlook.com,(444) 498-4284,Paul Johnson
4+,Game Development,Master's,Male,quinn.brown@example.com,(738) 747-2997,Quinn Brown
8+,Embedded Systems,PhD,Male,charlie.martinez@outlook.com,(214) 147-7817,Charlie Martinez
9+,Cloud Computing,Master's,Female,sam.rodriguez@yahoo.com,(793) 974-2757,Sam Rodriguez
10+,Data Science,Bachelor's,Female,nancy.johnson@outlook.com,(955) 174-7773,Nancy Johnson
13+,Big Data,Bachelor's,Male,rachel.garcia@gmail.com,(844) 120-6137,Rachel Garcia
13+,React,Master's,Male,michael.brown@hotmail.com,(914) 682-3862,Michael Brown
7+,Embedded Systems,Master's,Male,laura.martinez@yahoo.com,(618) 242-8474,Laura Martinez
6+,Database Management,Bachelor's,Male,grace.brown@example.com,(787) 527-1796,Grace Brown
5+,DevOps,Bachelor's,Male,frank.johnson@hotmail.com,(377) 934-2641,Frank Johnson
15+,Cloud Computing,Master's,Female,quinn.martinez@yahoo.com,(502) 918-4944,Quinn Martinez
6+,Python,Master's,Male,nancy.williams@yahoo.com,(434) 589-6417,Nancy Williams
1+,Database Management,Master's,Female,david.johnson@yahoo.com,(815) 950-5819,David Johnson
15+,DevOps,Master's,Female,laura.brown@example.com,(361) 875-1958,Laura Brown
6+,React Native,Bachelor's,Female,bob.smith@gmail.com,(636) 269-9862,Bob Smith
8+,Database Management,Master's,Female,david.miller@gmail.com,(559) 338-6309,David Miller
12+,Software Testing,Master's,Female,rachel.garcia@hotmail.com,(333) 876-2761,Rachel Garcia
13+,Networking,Master's,Female,michael.jones@hotmail.com,(836) 413-5952,Michael Jones
12+,AI Engineering,Master's,Female,emma.johnson@outlook.com,(816) 480-7094,Emma Johnson
1+,Back End,Master's,Male,hannah.miller@gmail.com,(222) 377-2084,Hannah Miller
14+,Python,Bachelor's,Female,david.jones@hotmail.com,(570) 230-5223,David Jones
2+,Software Testing,Master's,Female,bob.rodriguez@example.com,(386) 546-9809,Bob Rodriguez
1+,AI Engineering,PhD,Female,ian.smith@example.com,(465) 840-6687,Ian Smith
2+,Software Testing,PhD,Female,julia.rodriguez@gmail.com,(702) 552-8894,Julia Rodriguez
13+,Blockchain Development,Bachelor's,Female,alice.garcia@example.com,(741) 312-9263,Alice Garcia
6+,Big Data,Master's,Male,sam.brown@yahoo.com,(914) 232-1362,Sam Brown
6+,Python,PhD,Female,alice.johnson@outlook.com,(417) 385-5853,Alice Johnson
6+,Front End,Master's,Female,rachel.rodriguez@hotmail.com,(326) 104-7427,Rachel Rodriguez
13+,Database Management,PhD,Male,quinn.garcia@example.com,(319) 716-4958,Quinn Garcia
5+,Blockchain Development,Bachelor's,Male,frank.rodriguez@hotmail.com,(896) 979-3565,Frank Rodriguez
7+,Computer Vision,Master's,Female,emma.martinez@outlook.com,(832) 871-2809,Emma Martinez
2+,React,Bachelor's,Male,sam.jones@example.com,(788) 708-6223,Sam Jones
1+,React,PhD,Male,david.johnson@outlook.com,(541) 449-8948,David Johnson
9+,AI Engineering,Bachelor's,Male,charlie.davis@outlook.com,(211) 453-4672,Charlie Davis
5+,Embedded Systems,Bachelor's,Male,grace.smith@yahoo.com,(476) 979-8732,Grace Smith
2+,React Native,PhD,Female,emma.jones@gmail.com,(537) 947-8552,Emma Jones
9+,Back End,PhD,Female,michael.garcia@example.com,(875) 293-1539,Michael Garcia
7+,Networking,Master's,Female,paul.rodriguez@outlook.com,(752) 943-3210,Paul Rodriguez
14+,Computer Vision,Bachelor's,Female,julia.johnson@outlook.com,(663) 429-3720,Julia Johnson
12+,Data Science,PhD,Female,sam.martinez@outlook.com,(809) 200-5906,Sam Martinez
2+,Back End,Bachelor's,Male,michael.johnson@gmail.com,(605) 229-8867,Michael Johnson
8+,Java,Bachelor's,Female,grace.martinez@example.com,(242) 543-6159,Grace Martinez
2+,Java,Master's,Female,julia.davis@gmail.com,(997) 182-7711,Julia Davis
10+,Software Testing,Master's,Female,julia.jones@outlook.com,(370) 611-5772,Julia Jones
7+,DevOps,Bachelor's,Male,emma.martinez@hotmail.com,(528) 538-1593,Emma Martinez
7+,Cybersecurity,PhD,Male,hannah.martinez@gmail.com,(351) 815-5653,Hannah Martinez
11+,Game Development,Master's,Male,charlie.smith@example.com,(891) 714-8685,Charlie Smith
5+,Big Data,Master's,Male,ian.johnson@outlook.com,(449) 505-4795,Ian Johnson
11+,React Native,Bachelor's,Female,sam.garcia@example.com,(720) 344-5637,Sam Garcia
5+,Machine Learning,PhD,Male,julia.rodriguez@example.com,(684) 263-7661,Julia Rodriguez
1+,Java,Bachelor's,Female,rachel.miller@yahoo.com,(639) 579-4561,Rachel Miller
13+,Cloud Computing,Bachelor's,Male,grace.williams@example.com,(529) 265-9628,Grace Williams
2+,DevOps,Bachelor's,Male,emma.williams@hotmail.com,(616) 865-5157,Emma Williams
3+,Full Stack,PhD,Female,sam.williams@gmail.com,(307) 365-2440,Sam Williams
14+,Cloud Computing,PhD,Male,ian.miller@outlook.com,(312) 110-4816,Ian Miller
9+,Software Testing,PhD,Female,frank.smith@gmail.com,(734) 153-5600,Frank Smith
8+,AI Engineering,Master's,Male,david.johnson@yahoo.com,(634) 327-3347,David Johnson
13+,Blockchain Development,PhD,Female,kevin.davis@gmail.com,(592) 672-9488,Kevin Davis
8+,DevOps,PhD,Female,rachel.davis@outlook.com,(623) 863-7189,Rachel Davis
12+,Front End,Master's,Male,michael.jones@outlook.com,(634) 515-9889,Michael Jones
6+,Database Management,PhD,Male,charlie.garcia@outlook.com,(674) 172-8240,Charlie Garcia
8+,Database Management,Master's,Female,laura.brown@outlook.com,(427) 916-3743,Laura Brown
15+,Front End,Bachelor's,Male,tina.johnson@example.com,(753) 853-4563,Tina Johnson
15+,Game Development,Bachelor's,Male,nancy.martinez@gmail.com,(280) 248-8358,Nancy Martinez
12+,React Native,PhD,Male,julia.davis@example.com,(454) 726-2079,Julia Davis
15+,Networking,PhD,Female,charlie.davis@gmail.com,(666) 409-6643,Charlie Davis
1+,Big Data,Bachelor's,Female,ian.davis@gmail.com,(513) 126-7004,Ian Davis
11+,Game Development,Master's,Female,alice.rodriguez@gmail.com,(407) 747-3515,Alice Rodriguez
11+,AI Engineering,PhD,Female,hannah.davis@yahoo.com,(901) 822-5445,Hannah Davis
2+,Networking,Master's,Male,frank.rodriguez@yahoo.com,(680) 576-3377,Frank Rodriguez
2+,DevOps,PhD,Male,rachel.williams@hotmail.com,(829) 693-5991,Rachel Williams
11+,Embedded Systems,Master's,Male,paul.brown@gmail.com,(863) 954-1088,Paul Brown
12+,Full Stack,Bachelor's,Female,ian.miller@example.com,(298) 272-3387,Ian Miller
7+,Front End,Master's,Female,quinn.rodriguez@outlook.com,(223) 929-4674,Quinn Rodriguez
11+,Game Development,PhD,Male,grace.rodriguez@yahoo.com,(739) 852-9694,Grace Rodriguez
12+,Database Management,Master's,Female,quinn.williams@hotmail.com,(515) 380-7024,Quinn Williams
8+,Cybersecurity,Bachelor's,Male,kevin.miller@yahoo.com,(458) 334-6728,Kevin Miller
6+,React Native,PhD,Male,nancy.miller@outlook.com,(487) 454-2278,Nancy Miller
6+,Machine Learning,PhD,Male,grace.davis@gmail.com,(671) 857-1184,Grace Davis
2+,Data Science,Master's,Female,tina.garcia@example.com,(955) 219-7385,Tina Garcia
14+,Embedded Systems,Master's,Male,rachel.garcia@hotmail.com,(321) 873-9560,Rachel Garcia
2+,Embedded Systems,PhD,Female,alice.martinez@outlook.com,(679) 292-4499,Alice Martinez
2+,Front End,PhD,Female,charlie.garcia@hotmail.com,(891) 321-8375,Charlie Garcia
11+,Python,Master's,Female,michael.williams@yahoo.com,(442) 245-6320,Michael Williams
1+,Blockchain Development,Bachelor's,Male,rachel.johnson@example.com,(808) 308-7656,Rachel Johnson
1+,Software Testing,PhD,Male,laura.williams@outlook.com,(791) 846-5297,Laura Williams
5+,React,PhD,Male,nancy.martinez@gmail.com,(403) 548-6156,Nancy Martinez
2+,Networking,PhD,Male,hannah.williams@hotmail.com,(362) 584-9512,Hannah Williams
10+,Database Management,Bachelor's,Female,oliver.davis@gmail.com,(485) 222-3652,Oliver Davis
8+,Cloud Computing,Bachelor's,Male,hannah.smith@yahoo.com,(477) 203-2923,Hannah Smith
10+,AI Engineering,Master's,Female,nancy.brown@outlook.com,(349) 559-4739,Nancy Brown
10+,Blockchain Development,Master's,Male,alice.williams@hotmail.com,(374) 683-5116,Alice Williams
8+,Cloud Computing,Master's,Female,david.johnson@hotmail.com,(816) 237-9419,David Johnson
4+,DevOps,PhD,Male,quinn.jones@hotmail.com,(278) 840-2224,Quinn Jones
14+,Database Management,PhD,Female,ian.williams@outlook.com,(415) 788-3569,Ian Williams
13+,Big Data,PhD,Male,laura.garcia@outlook.com,(843) 322-2660,Laura Garcia
13+,Python,Bachelor's,Male,charlie.brown@outlook.com,(894) 982-1886,Charlie Brown
2+,Front End,Master's,Female,david.jones@yahoo.com,(785) 847-5709,David Jones
8+,Embedded Systems,Master's,Male,david.smith@yahoo.com,(689) 297-8728,David Smith
13+,React,PhD,Male,quinn.johnson@yahoo.com,(673) 568-1840,Quinn Johnson
3+,Cloud Computing,PhD,Female,david.smith@hotmail.com,(657) 550-3482,David Smith
7+,Software Testing,Bachelor's,Male,emma.garcia@gmail.com,(453) 656-3221,Emma Garcia
13+,Data Science,PhD,Male,julia.garcia@gmail.com,(382) 739-9297,Julia Garcia
5+,Java,PhD,Female,grace.williams@gmail.com,(472) 425-1977,Grace Williams
11+,Machine Learning,PhD,Female,paul.davis@example.com,(665) 622-1863,Paul Davis
15+,Computer Vision,PhD,Male,bob.martinez@gmail.com,(244) 220-3080,Bob Martinez
1+,Java,PhD,Female,grace.davis@yahoo.com,(808) 398-6139,Grace Davis
2+,DevOps,Master's,Female,ian.miller@outlook.com,(333) 307-2327,Ian Miller
10+,Full Stack,Bachelor's,Male,paul.garcia@hotmail.com,(446) 501-9202,Paul Garcia
5+,React,PhD,Male,julia.martinez@example.com,(847) 676-8163,Julia Martinez
15+,DevOps,Bachelor's,Female,kevin.jones@yahoo.com,(631) 171-9598,Kevin Jones
5+,Software Testing,Master's,Female,ian.williams@hotmail.com,(287) 265-3298,Ian Williams
3+,Cloud Computing,Master's,Male,laura.jones@example.com,(363) 843-6424,Laura Jones
15+,Computer Vision,PhD,Female,tina.jones@gmail.com,(255) 217-1295,Tina Jones
11+,Software Testing,PhD,Male,michael.brown@example.com,(387) 369-3832,Michael Brown
7+,Machine Learning,PhD,Male,tina.brown@example.com,(760) 520-7627,Tina Brown
6+,React Native,Bachelor's,Male,frank.garcia@gmail.com,(392) 830-3910,Frank Garcia
15+,Embedded Systems,Bachelor's,Female,kevin.williams@yahoo.com,(952) 884-6974,Kevin Williams
5+,Database Management,Master's,Male,kevin.garcia@yahoo.com,(260) 800-9610,Kevin Garcia
10+,Java,Master's,Female,charlie.williams@gmail.com,(501) 240-5356,Charlie Williams
15+,Embedded Systems,PhD,Female,hannah.martinez@yahoo.com,(542) 914-1714,Hannah Martinez
13+,Game Development,Bachelor's,Male,ian.garcia@hotmail.com,(786) 658-5532,Ian Garcia
6+,Front End,PhD,Male,charlie.brown@yahoo.com,(269) 299-1017,Charlie Brown
11+,Computer Vision,PhD,Male,hannah.brown@example.com,(758) 888-7059,Hannah Brown
10+,DevOps,Bachelor's,Male,rachel.johnson@yahoo.com,(359) 389-9885,Rachel Johnson
5+,DevOps,PhD,Female,quinn.miller@yahoo.com,(455) 848-5586,Quinn Miller
1+,Blockchain Development,PhD,Male,frank.johnson@gmail.com,(390) 781-1933,Frank Johnson
10+,Blockchain Development,Master's,Female,frank.brown@example.com,(339) 276-5177,Frank Brown
12+,Full Stack,Bachelor's,Male,michael.martinez@example.com,(370) 969-8997,Michael Martinez
4+,Java,Master's,Male,paul.miller@hotmail.com,(599) 665-7241,Paul Miller
13+,Big Data,Bachelor's,Female,ian.brown@example.com,(457) 895-5282,Ian Brown
6+,Machine Learning,Bachelor's,Female,julia.miller@example.com,(385) 314-6435,Julia Miller
15+,Networking,Bachelor's,Female,michael.johnson@outlook.com,(269) 666-3038,Michael Johnson
15+,Embedded Systems,Bachelor's,Male,paul.miller@yahoo.com,(761) 942-1487,Paul Miller
15+,Blockchain Development,Master's,Female,hannah.johnson@gmail.com,(290) 318-2266,Hannah Johnson
7+,Database Management,Bachelor's,Female,grace.smith@yahoo.com,(769) 532-3607,Grace Smith
2+,Back End,Master's,Male,tina.williams@gmail.com,(481) 608-5139,Tina Williams
1+,Cloud Computing,Master's,Female,tina.brown@yahoo.com,(209) 692-5552,Tina Brown
6+,Blockchain Development,Master's,Male,quinn.williams@yahoo.com,(337) 225-5058,Quinn Williams
3+,React Native,Master's,Male,julia.garcia@outlook.com,(632) 901-6835,Julia Garcia
1+,DevOps,Bachelor's,Male,oliver.brown@outlook.com,(385) 588-4757,Oliver Brown
9+,Data Science,Bachelor's,Male,alice.garcia@gmail.com,(248) 851-8070,Alice Garcia
11+,Embedded Systems,Bachelor's,Male,michael.miller@example.com,(740) 250-6492,Michael Miller
5+,Machine Learning,PhD,Male,quinn.williams@yahoo.com,(546) 694-2744,Quinn Williams
6+,Software Testing,Master's,Male,quinn.rodriguez@hotmail.com,(816) 769-4680,Quinn Rodriguez
8+,Computer Vision,Master's,Female,kevin.rodriguez@gmail.com,(348) 689-1366,Kevin Rodriguez
5+,Full Stack,PhD,Male,sam.garcia@gmail.com,(367) 579-7134,Sam Garcia
15+,Networking,PhD,Female,kevin.brown@yahoo.com,(961) 650-5031,Kevin Brown
10+,Java,Master's,Female,grace.garcia@example.com,(988) 508-7335,Grace Garcia
12+,React,Bachelor's,Male,kevin.rodriguez@example.com,(590) 289-1157,Kevin Rodriguez
13+,Game Development,PhD,Male,oliver.jones@yahoo.com,(593) 346-4938,Oliver Jones
14+,AI Engineering,Bachelor's,Female,quinn.johnson@outlook.com,(605) 983-2438,Quinn Johnson
13+,DevOps,Master's,Male,oliver.miller@yahoo.com,(450) 262-9729,Oliver Miller
6+,AI Engineering,Master's,Male,bob.rodriguez@example.com,(671) 185-1331,Bob Rodriguez
8+,DevOps,Bachelor's,Male,david.brown@hotmail.com,(997) 936-7655,David Brown
1+,Database Management,Bachelor's,Female,ian.martinez@yahoo.com,(523) 564-7628,Ian Martinez
2+,AI Engineering,PhD,Male,frank.garcia@outlook.com,(869) 538-6474,Frank Garcia
3+,Computer Vision,PhD,Male,nancy.martinez@example.com,(647) 837-3378,Nancy Martinez
13+,Cybersecurity,Bachelor's,Male,kevin.miller@hotmail.com,(542) 455-4994,Kevin Miller
11+,Java,PhD,Female,grace.martinez@gmail.com,(785) 909-5974,Grace Martinez
14+,React,Master's,Female,frank.rodriguez@gmail.com,(401) 172-9876,Frank Rodriguez
8+,React,Bachelor's,Male,rachel.davis@outlook.com,(376) 875-5589,Rachel Davis
5+,Cloud Computing,PhD,Female,nancy.davis@outlook.com,(762) 519-1859,Nancy Davis
10+,Game Development,PhD,Male,grace.rodriguez@outlook.com,(223) 982-3514,Grace Rodriguez
10+,Software Testing,Bachelor's,Female,hannah.williams@outlook.com,(663) 328-9676,Hannah Williams
4+,Back End,Master's,Female,ian.smith@hotmail.com,(616) 613-4798,Ian Smith
13+,Java,Master's,Male,quinn.rodriguez@yahoo.com,(235) 295-3316,Quinn Rodriguez
11+,Cloud Computing,Bachelor's,Female,oliver.williams@example.com,(977) 661-5441,Oliver Williams
2+,Front End,PhD,Male,nancy.johnson@hotmail.com,(520) 797-9670,Nancy Johnson
8+,Python,Master's,Female,charlie.garcia@gmail.com,(571) 730-7520,Charlie Garcia
9+,Blockchain Development,Bachelor's,Male,hannah.johnson@yahoo.com,(628) 824-5934,Hannah Johnson
13+,Java,PhD,Female,rachel.garcia@hotmail.com,(730) 901-5183,Rachel Garcia
15+,Data Science,Master's,Male,laura.martinez@example.com,(808) 391-2393,Laura Martinez
10+,Front End,Master's,Male,david.miller@yahoo.com,(703) 404-6763,David Miller
3+,Python,Master's,Female,rachel.rodriguez@example.com,(274) 128-1177,Rachel Rodriguez
3+,Database Management,Master's,Female,michael.brown@gmail.com,(996) 276-2108,Michael Brown
13+,Game Development,Bachelor's,Female,quinn.davis@yahoo.com,(364) 280-4251,Quinn Davis
7+,DevOps,PhD,Male,alice.garcia@outlook.com,(787) 983-9874,Alice Garcia
7+,React Native,PhD,Female,julia.garcia@outlook.com,(250) 219-4820,Julia Garcia
5+,Networking,Master's,Male,nancy.johnson@hotmail.com,(575) 103-8985,Nancy Johnson
1+,Big Data,Bachelor's,Male,oliver.williams@outlook.com,(631) 855-1426,Oliver Williams
10+,Big Data,Bachelor's,Male,oliver.jones@outlook.com,(899) 755-9286,Oliver Jones
12+,Software Testing,PhD,Male,tina.miller@example.com,(589) 923-9449,Tina Miller
11+,Back End,Master's,Male,michael.davis@example.com,(367) 201-7169,Michael Davis
6+,Networking,Bachelor's,Female,quinn.miller@yahoo.com,(681) 499-6095,Quinn Miller
14+,DevOps,Bachelor's,Male,bob.johnson@yahoo.com,(713) 580-3319,Bob Johnson
15+,Blockchain Development,PhD,Male,oliver.johnson@example.com,(267) 198-9230,Oliver Johnson
4+,Game Development,Master's,Female,tina.smith@yahoo.com,(200) 965-3748,Tina Smith
9+,Front End,PhD,Male,quinn.brown@hotmail.com,(630) 419-9060,Quinn Brown
3+,Python,Master's,Male,rachel.jones@hotmail.com,(424) 397-9161,Rachel Jones
8+,Computer Vision,PhD,Male,tina.johnson@outlook.com,(532) 630-3073,Tina Johnson
10+,Java,PhD,Female,hannah.martinez@outlook.com,(547) 648-7254,Hannah Martinez
6+,Java,Master's,Female,david.garcia@hotmail.com,(642) 745-3735,David Garcia
1+,Front End,Master's,Male,nancy.smith@hotmail.com,(494) 577-3185,Nancy Smith
8+,React,Master's,Female,michael.brown@example.com,(804) 292-2905,Michael Brown
5+,Front End,Master's,Male,julia.martinez@outlook.com,(906) 416-6240,Julia Martinez
10+,Cybersecurity,PhD,Male,quinn.miller@hotmail.com,(341) 950-8298,Quinn Miller
4+,Database Management,Master's,Female,sam.jones@outlook.com,(524) 119-7644,Sam Jones
2+,DevOps,Master's,Female,laura.brown@yahoo.com,(250) 630-3338,Laura Brown
11+,Blockchain Development,PhD,Male,michael.smith@outlook.com,(578) 438-3814,Michael Smith
4+,Networking,PhD,Female,kevin.johnson@hotmail.com,(408) 709-3040,Kevin Johnson
9+,Data Science,PhD,Female,david.johnson@yahoo.com,(797) 883-1293,David Johnson
15+,Front End,PhD,Male,tina.brown@yahoo.com,(440) 182-1328,Tina Brown
3+,Python,Master's,Female,michael.williams@yahoo.com,(451) 687-5046,Michael Williams
12+,Front End,Master's,Male,rachel.johnson@outlook.com,(626) 802-2025,Rachel Johnson
13+,Game Development,PhD,Female,sam.miller@outlook.com,(353) 588-2936,Sam Miller
6+,Computer Vision,PhD,Male,emma.jones@example.com,(332) 736-3495,Emma Jones
3+,Game Development,PhD,Male,grace.williams@gmail.com,(365) 178-7011,Grace Williams
1+,Networking,Bachelor's,Female,hannah.johnson@gmail.com,(605) 285-5413,Hannah Johnson
9+,Blockchain Development,Master's,Female,grace.williams@gmail.com,(838) 157-5303,Grace Williams
4+,Python,Bachelor's,Female,charlie.johnson@gmail.com,(580) 297-6095,Charlie Johnson
5+,React Native,PhD,Male,frank.rodriguez@gmail.com,(423) 894-1901,Frank Rodriguez
8+,AI Engineering,PhD,Female,alice.davis@outlook.com,(996) 966-6902,Alice Davis
4+,Big Data,Master's,Female,bob.martinez@example.com,(234) 261-6788,Bob Martinez
1+,Game Development,Master's,Female,grace.miller@example.com,(540) 259-1971,Grace Miller
5+,DevOps,Master's,Male,oliver.davis@outlook.com,(453) 470-4362,Oliver Davis
5+,Python,PhD,Female,oliver.jones@gmail.com,(689) 720-6894,Oliver Jones
6+,Front End,PhD,Male,quinn.smith@gmail.com,(950) 182-1237,Quinn Smith
6+,AI Engineering,Bachelor's,Male,frank.smith@hotmail.com,(317) 798-5229,Frank Smith
7+,AI Engineering,Bachelor's,Female,charlie.garcia@example.com,(880) 348-4871,Charlie Garcia
7+,Machine Learning,PhD,Male,rachel.williams@example.com,(249) 964-7082,Rachel Williams
3+,Cybersecurity,Bachelor's,Male,charlie.smith@hotmail.com,(594) 806-6366,Charlie Smith
9+,Data Science,PhD,Male,nancy.miller@outlook.com,(587) 126-6395,Nancy Miller
7+,Back End,PhD,Female,nancy.davis@example.com,(857) 220-9683,Nancy Davis
13+,Front End,PhD,Male,grace.davis@hotmail.com,(275) 287-6105,Grace Davis
10+,Blockchain Development,PhD,Female,quinn.martinez@example.com,(577) 304-2543,Quinn Martinez
15+,Java,Bachelor's,Male,alice.rodriguez@hotmail.com,(389) 254-4774,Alice Rodriguez
4+,Full Stack,Master's,Male,nancy.martinez@yahoo.com,(490) 201-5098,Nancy Martinez
10+,Cybersecurity,Master's,Female,rachel.smith@hotmail.com,(453) 248-3501,Rachel Smith
1+,AI Engineering,Master's,Male,kevin.miller@yahoo.com,(255) 687-2202,Kevin Miller
11+,Database Management,PhD,Female,grace.brown@outlook.com,(633) 539-3796,Grace Brown
5+,Cybersecurity,PhD,Female,oliver.johnson@example.com,(798) 145-2526,Oliver Johnson
10+,Embedded Systems,Master's,Female,rachel.smith@gmail.com,(924) 588-5191,Rachel Smith
4+,React,Bachelor's,Female,ian.rodriguez@gmail.com,(584) 183-8511,Ian Rodriguez
5+,Data Science,PhD,Female,laura.brown@example.com,(669) 427-8008,Laura Brown
15+,Python,Master's,Male,tina.smith@yahoo.com,(996) 833-2751,Tina Smith
6+,Software Testing,Master's,Female,nancy.williams@gmail.com,(484) 835-4778,Nancy Williams
1+,Computer Vision,PhD,Female,oliver.jones@gmail.com,(289) 313-5428,Oliver Jones
7+,Python,PhD,Male,nancy.williams@hotmail.com,(694) 272-5504,Nancy Williams
11+,Database Management,Master's,Female,julia.miller@hotmail.com,(253) 694-7030,Julia Miller
4+,Java,Master's,Male,kevin.jones@gmail.com,(669) 713-2715,Kevin Jones
14+,Cloud Computing,PhD,Female,rachel.johnson@example.com,(343) 579-6746,Rachel Johnson
3+,Cloud Computing,Master's,Female,julia.davis@example.com,(333) 670-9695,Julia Davis
2+,Computer Vision,PhD,Female,david.smith@outlook.com,(404) 697-2959,David Smith
12+,React Native,PhD,Male,bob.jones@hotmail.com,(387) 672-8373,Bob Jones
2+,AI Engineering,PhD,Female,sam.brown@outlook.com,(400) 904-6860,Sam Brown
5+,Cybersecurity,Bachelor's,Male,alice.brown@example.com,(230) 357-5490,Alice Brown
3+,Java,Master's,Female,quinn.davis@outlook.com,(851) 453-3773,Quinn Davis
8+,Big Data,Bachelor's,Female,emma.miller@outlook.com,(252) 256-9628,Emma Miller
3+,Blockchain Development,Bachelor's,Male,julia.johnson@yahoo.com,(606) 230-7719,Julia Johnson
9+,AI Engineering,PhD,Female,frank.brown@outlook.com,(501) 705-5268,Frank Brown
10+,Java,Bachelor's,Male,emma.garcia@yahoo.com,(939) 387-3301,Emma Garcia
15+,React,PhD,Male,laura.johnson@yahoo.com,(517) 167-2654,Laura Johnson
7+,Data Science,Master's,Male,sam.johnson@outlook.com,(278) 367-4406,Sam Johnson
13+,React,Master's,Female,frank.williams@example.com,(770) 744-9320,Frank Williams
9+,Networking,PhD,Female,laura.garcia@hotmail.com,(800) 804-6479,Laura Garcia
2+,Cybersecurity,Master's,Female,quinn.johnson@hotmail.com,(878) 243-9246,Quinn Johnson
13+,DevOps,Master's,Male,frank.davis@example.com,(503) 477-4909,Frank Davis
2+,Software Testing,Bachelor's,Female,bob.martinez@outlook.com,(907) 494-7382,Bob Martinez
2+,Back End,Bachelor's,Female,sam.martinez@outlook.com,(425) 163-7703,Sam Martinez
7+,Java,PhD,Female,quinn.garcia@yahoo.com,(684) 613-4504,Quinn Garcia
5+,Big Data,Bachelor's,Male,alice.brown@hotmail.com,(221) 674-1399,Alice Brown
13+,Networking,Bachelor's,Male,emma.miller@example.com,(730) 562-4248,Emma Miller
1+,Cloud Computing,Bachelor's,Male,julia.martinez@hotmail.com,(268) 502-3127,Julia Martinez
15+,AI Engineering,Master's,Male,hannah.williams@outlook.com,(953) 170-4617,Hannah Williams
1+,DevOps,Bachelor's,Male,paul.smith@yahoo.com,(240) 430-1663,Paul Smith
5+,Big Data,Bachelor's,Female,david.rodriguez@yahoo.com,(685) 695-6941,David Rodriguez
8+,DevOps,Master's,Female,oliver.davis@example.com,(917) 763-2799,Oliver Davis
8+,React,Master's,Male,hannah.rodriguez@outlook.com,(312) 340-8324,Hannah Rodriguez
13+,Networking,PhD,Male,hannah.davis@gmail.com,(868) 345-3111,Hannah Davis
14+,Software Testing,Bachelor's,Male,sam.davis@hotmail.com,(755) 252-7539,Sam Davis
7+,Front End,Master's,Female,michael.miller@hotmail.com,(316) 605-1401,Michael Miller
3+,Cloud Computing,Master's,Female,paul.brown@yahoo.com,(240) 398-6015,Paul Brown
15+,Game Development,Master's,Male,sam.davis@example.com,(386) 113-3170,Sam Davis
12+,Data Science,Bachelor's,Male,emma.smith@yahoo.com,(353) 654-3181,Emma Smith
6+,Data Science,PhD,Female,david.martinez@yahoo.com,(774) 330-7002,David Martinez
1+,Database Management,Master's,Female,frank.miller@yahoo.com,(509) 518-5032,Frank Miller
14+,Software Testing,PhD,Female,paul.miller@outlook.com,(775) 291-4238,Paul Miller
8+,Cloud Computing,Bachelor's,Male,julia.davis@yahoo.com,(268) 247-7025,Julia Davis
9+,Full Stack,Master's,Female,rachel.jones@gmail.com,(409) 394-9864,Rachel Jones
7+,Cloud Computing,PhD,Female,julia.davis@gmail.com,(524) 689-9967,Julia Davis
11+,Software Testing,Master's,Male,alice.garcia@hotmail.com,(940) 926-2100,Alice Garcia
14+,Data Science,PhD,Female,ian.davis@yahoo.com,(633) 915-7223,Ian Davis
9+,Big Data,Bachelor's,Female,bob.williams@example.com,(585) 378-3209,Bob Williams
6+,Machine Learning,Bachelor's,Female,michael.williams@hotmail.com,(519) 311-3262,Michael Williams
3+,Networking,Master's,Male,michael.smith@gmail.com,(791) 388-2493,Michael Smith
7+,DevOps,PhD,Male,frank.smith@gmail.com,(966) 910-2126,Frank Smith
1+,Full Stack,Bachelor's,Male,paul.rodriguez@gmail.com,(252) 600-3581,Paul Rodriguez
12+,Full Stack,Master's,Male,emma.smith@outlook.com,(996) 658-8357,Emma Smith
9+,React,Bachelor's,Male,frank.johnson@yahoo.com,(210) 553-1239,Frank Johnson
4+,React,Master's,Female,alice.rodriguez@outlook.com,(625) 511-6904,Alice Rodriguez
12+,Data Science,PhD,Female,oliver.garcia@example.com,(886) 658-8931,Oliver Garcia
5+,Cybersecurity,PhD,Female,grace.brown@outlook.com,(280) 195-6763,Grace Brown
11+,Computer Vision,Bachelor's,Male,tina.brown@gmail.com,(973) 348-9171,Tina Brown
14+,Cloud Computing,PhD,Male,tina.miller@example.com,(462) 637-6562,Tina Miller
4+,Front End,PhD,Male,paul.williams@outlook.com,(945) 303-2168,Paul Williams
3+,Database Management,Master's,Male,kevin.miller@yahoo.com,(945) 910-9776,Kevin Miller
3+,Cloud Computing,Bachelor's,Female,nancy.johnson@hotmail.com,(335) 715-5809,Nancy Johnson
11+,Data Science,PhD,Female,bob.miller@yahoo.com,(528) 420-5959,Bob Miller
1+,Data Science,Bachelor's,Male,ian.jones@gmail.com,(227) 664-2508,Ian Jones
1+,Python,Bachelor's,Male,quinn.brown@yahoo.com,(969) 707-2175,Quinn Brown
15+,Java,Bachelor's,Female,nancy.rodriguez@hotmail.com,(754) 328-6726,Nancy Rodriguez
1+,AI Engineering,Master's,Female,grace.davis@example.com,(319) 158-3862,Grace Davis
1+,Java,PhD,Female,tina.williams@yahoo.com,(859) 697-1776,Tina Williams
13+,Blockchain Development,Bachelor's,Female,oliver.rodriguez@gmail.com,(463) 686-1045,Oliver Rodriguez
1+,Networking,PhD,Female,alice.garcia@yahoo.com,(282) 984-7473,Alice Garcia
11+,Blockchain Development,PhD,Male,tina.garcia@outlook.com,(288) 864-2310,Tina Garcia
15+,Cybersecurity,Master's,Male,grace.martinez@yahoo.com,(689) 963-4764,Grace Martinez
5+,Game Development,Bachelor's,Male,alice.rodriguez@example.com,(609) 854-6752,Alice Rodriguez
11+,Data Science,Master's,Female,michael.johnson@example.com,(669) 970-4923,Michael Johnson
11+,Database Management,Bachelor's,Male,julia.williams@outlook.com,(469) 632-4437,Julia Williams
6+,Cloud Computing,Bachelor's,Male,tina.davis@outlook.com,(966) 356-5799,Tina Davis
8+,Back End,Bachelor's,Male,bob.johnson@example.com,(934) 455-2391,Bob Johnson
5+,Blockchain Development,Master's,Male,bob.martinez@gmail.com,(599) 357-7875,Bob Martinez
1+,Blockchain Development,PhD,Female,charlie.jones@yahoo.com,(456) 370-8926,Charlie Jones
10+,Java,PhD,Female,ian.williams@yahoo.com,(201) 564-9929,Ian Williams
10+,Game Development,PhD,Female,ian.garcia@outlook.com,(449) 664-6680,Ian Garcia
12+,React,Bachelor's,Male,oliver.jones@outlook.com,(393) 714-1992,Oliver Jones
15+,Cybersecurity,Master's,Female,nancy.williams@yahoo.com,(338) 814-3381,Nancy Williams
13+,Data Science,PhD,Female,frank.miller@hotmail.com,(284) 465-1132,Frank Miller
14+,Networking,Bachelor's,Female,grace.williams@outlook.com,(699) 407-9320,Grace Williams
13+,Big Data,PhD,Female,alice.smith@hotmail.com,(775) 743-9648,Alice Smith
1+,React Native,Bachelor's,Male,tina.garcia@outlook.com,(528) 888-8947,Tina Garcia
6+,AI Engineering,PhD,Male,julia.davis@example.com,(844) 733-8136,Julia Davis
4+,Python,PhD,Female,hannah.smith@example.com,(286) 361-5063,Hannah Smith
14+,Cybersecurity,Bachelor's,Female,david.miller@yahoo.com,(435) 778-9564,David Miller
7+,AI Engineering,Master's,Female,david.smith@outlook.com,(672) 454-4631,David Smith
2+,Cybersecurity,Master's,Female,quinn.williams@yahoo.com,(754) 284-9985,Quinn Williams
5+,Full Stack,Bachelor's,Male,kevin.miller@hotmail.com,(695) 387-4519,Kevin Miller
1+,Back End,PhD,Female,alice.miller@yahoo.com,(706) 301-3472,Alice Miller
4+,AI Engineering,PhD,Female,nancy.rodriguez@hotmail.com,(699) 836-4283,Nancy Rodriguez
9+,DevOps,PhD,Male,tina.jones@yahoo.com,(233) 747-3338,Tina Jones
5+,Data Science,PhD,Female,hannah.williams@outlook.com,(896) 746-6229,Hannah Williams
2+,React,Bachelor's,Male,rachel.smith@gmail.com,(566) 503-5580,Rachel Smith
2+,Big Data,Master's,Female,charlie.smith@hotmail.com,(210) 701-4294,Charlie Smith
10+,Back End,PhD,Male,hannah.johnson@outlook.com,(244) 990-6102,Hannah Johnson
14+,React,Bachelor's,Female,sam.williams@outlook.com,(584) 236-1588,Sam Williams
10+,Game Development,Bachelor's,Female,frank.smith@hotmail.com,(234) 857-7268,Frank Smith
7+,Machine Learning,PhD,Female,bob.garcia@gmail.com,(252) 507-5396,Bob Garcia
15+,Cybersecurity,Bachelor's,Male,michael.jones@hotmail.com,(558) 126-2369,Michael Jones
5+,Python,Bachelor's,Female,frank.rodriguez@example.com,(850) 670-3055,Frank Rodriguez
14+,Machine Learning,Master's,Female,rachel.garcia@gmail.com,(927) 322-2622,Rachel Garcia
5+,Software Testing,Bachelor's,Female,nancy.smith@outlook.com,(221) 530-5105,Nancy Smith
